文本;发布者;IP属地;评论数;转发数;点赞数;用户名;评论属地;评论内容;评论时间;评论点赞数;标记
"补贴三胎这事，就和大学里的贫困生补助一样。政策出来最后补贴落到谁手里？上过学的都心知肚明。大学里面，拿贫困生补助，并且真的贫困的，占多少比例？

现在年轻人不原因生孩子，是缺你那几百块钱吗？且不说三胎，一胎有多少人生？搁这儿直接三胎起步？活在200年前啊？生育指数要保持2.1才算平稳发展。日本的补贴高吗？生育指数只有1.34。中国2020年的生育指数只有1.3。

不是缺那么几百块。是大环境逼人绝育的。有些不是不愿意生，工作生活压力太大就是会影响生育率的。上世纪70年代，不孕不育率是2%而2020年统计已婚夫妇不孕不育是18%。是现在的物质比50年轻更匮乏了吗？是现实逼着人绝育。一天工作12个小时以上，晚上回家xxx都没时间。会生才怪了呢。

#每月补贴1000元你愿意生二胎或三胎吗#";抔抔;IP属地：广东;148;46;1438;毛峰太苦;上海;拐个女人 下崽 八胎  按照一胎36000，八个胎可得28.8万！假如补贴到18岁，18×1.2万×8＝172.8万，市里买房奥利给！财富密码新路子！;2022-02-07 17:22:06;172;0
"补贴三胎这事，就和大学里的贫困生补助一样。政策出来最后补贴落到谁手里？上过学的都心知肚明。大学里面，拿贫困生补助，并且真的贫困的，占多少比例？

现在年轻人不原因生孩子，是缺你那几百块钱吗？且不说三胎，一胎有多少人生？搁这儿直接三胎起步？活在200年前啊？生育指数要保持2.1才算平稳发展。日本的补贴高吗？生育指数只有1.34。中国2020年的生育指数只有1.3。

不是缺那么几百块。是大环境逼人绝育的。有些不是不愿意生，工作生活压力太大就是会影响生育率的。上世纪70年代，不孕不育率是2%而2020年统计已婚夫妇不孕不育是18%。是现在的物质比50年轻更匮乏了吗？是现实逼着人绝育。一天工作12个小时以上，晚上回家xxx都没时间。会生才怪了呢。

#每月补贴1000元你愿意生二胎或三胎吗#";抔抔;IP属地：广东;148;46;1438;五等分的天使;辽宁;回复@抔抔:我就和他合作，然后有钱一起赚，谁不喜欢小钱钱呢？[doge];2022-02-21 17:23:28;0;1
"补贴三胎这事，就和大学里的贫困生补助一样。政策出来最后补贴落到谁手里？上过学的都心知肚明。大学里面，拿贫困生补助，并且真的贫困的，占多少比例？

现在年轻人不原因生孩子，是缺你那几百块钱吗？且不说三胎，一胎有多少人生？搁这儿直接三胎起步？活在200年前啊？生育指数要保持2.1才算平稳发展。日本的补贴高吗？生育指数只有1.34。中国2020年的生育指数只有1.3。

不是缺那么几百块。是大环境逼人绝育的。有些不是不愿意生，工作生活压力太大就是会影响生育率的。上世纪70年代，不孕不育率是2%而2020年统计已婚夫妇不孕不育是18%。是现在的物质比50年轻更匮乏了吗？是现实逼着人绝育。一天工作12个小时以上，晚上回家xxx都没时间。会生才怪了呢。

#每月补贴1000元你愿意生二胎或三胎吗#";抔抔;IP属地：广东;148;46;1438;幽zhi鹿鸣;江苏 南京;[吃瓜]去看看丰县8胎的女子;2022-02-17 03:16:44;0;1
"补贴三胎这事，就和大学里的贫困生补助一样。政策出来最后补贴落到谁手里？上过学的都心知肚明。大学里面，拿贫困生补助，并且真的贫困的，占多少比例？

现在年轻人不原因生孩子，是缺你那几百块钱吗？且不说三胎，一胎有多少人生？搁这儿直接三胎起步？活在200年前啊？生育指数要保持2.1才算平稳发展。日本的补贴高吗？生育指数只有1.34。中国2020年的生育指数只有1.3。

不是缺那么几百块。是大环境逼人绝育的。有些不是不愿意生，工作生活压力太大就是会影响生育率的。上世纪70年代，不孕不育率是2%而2020年统计已婚夫妇不孕不育是18%。是现在的物质比50年轻更匮乏了吗？是现实逼着人绝育。一天工作12个小时以上，晚上回家xxx都没时间。会生才怪了呢。

#每月补贴1000元你愿意生二胎或三胎吗#";抔抔;IP属地：广东;148;46;1438;呆呆de鸭子;广东;我看刑[笑cry];2022-02-09 08:54:42;0;1
"补贴三胎这事，就和大学里的贫困生补助一样。政策出来最后补贴落到谁手里？上过学的都心知肚明。大学里面，拿贫困生补助，并且真的贫困的，占多少比例？

现在年轻人不原因生孩子，是缺你那几百块钱吗？且不说三胎，一胎有多少人生？搁这儿直接三胎起步？活在200年前啊？生育指数要保持2.1才算平稳发展。日本的补贴高吗？生育指数只有1.34。中国2020年的生育指数只有1.3。

不是缺那么几百块。是大环境逼人绝育的。有些不是不愿意生，工作生活压力太大就是会影响生育率的。上世纪70年代，不孕不育率是2%而2020年统计已婚夫妇不孕不育是18%。是现在的物质比50年轻更匮乏了吗？是现实逼着人绝育。一天工作12个小时以上，晚上回家xxx都没时间。会生才怪了呢。

#每月补贴1000元你愿意生二胎或三胎吗#";抔抔;IP属地：广东;148;46;1438;臭屁黄和小红;广东;你可真刑[doge];2022-02-09 03:59:16;0;1
"补贴三胎这事，就和大学里的贫困生补助一样。政策出来最后补贴落到谁手里？上过学的都心知肚明。大学里面，拿贫困生补助，并且真的贫困的，占多少比例？

现在年轻人不原因生孩子，是缺你那几百块钱吗？且不说三胎，一胎有多少人生？搁这儿直接三胎起步？活在200年前啊？生育指数要保持2.1才算平稳发展。日本的补贴高吗？生育指数只有1.34。中国2020年的生育指数只有1.3。

不是缺那么几百块。是大环境逼人绝育的。有些不是不愿意生，工作生活压力太大就是会影响生育率的。上世纪70年代，不孕不育率是2%而2020年统计已婚夫妇不孕不育是18%。是现在的物质比50年轻更匮乏了吗？是现实逼着人绝育。一天工作12个小时以上，晚上回家xxx都没时间。会生才怪了呢。

#每月补贴1000元你愿意生二胎或三胎吗#";抔抔;IP属地：广东;148;46;1438;G王丶;湖北 黄石;回复@糨糊是糊涂蛋:对啊，刚好上一家生了七八个吗不是，一家一锅端了，实在要彩礼就给一份;2022-02-08 02:00:59;0;1
"补贴三胎这事，就和大学里的贫困生补助一样。政策出来最后补贴落到谁手里？上过学的都心知肚明。大学里面，拿贫困生补助，并且真的贫困的，占多少比例？

现在年轻人不原因生孩子，是缺你那几百块钱吗？且不说三胎，一胎有多少人生？搁这儿直接三胎起步？活在200年前啊？生育指数要保持2.1才算平稳发展。日本的补贴高吗？生育指数只有1.34。中国2020年的生育指数只有1.3。

不是缺那么几百块。是大环境逼人绝育的。有些不是不愿意生，工作生活压力太大就是会影响生育率的。上世纪70年代，不孕不育率是2%而2020年统计已婚夫妇不孕不育是18%。是现在的物质比50年轻更匮乏了吗？是现实逼着人绝育。一天工作12个小时以上，晚上回家xxx都没时间。会生才怪了呢。

#每月补贴1000元你愿意生二胎或三胎吗#";抔抔;IP属地：广东;148;46;1438;毛峰太苦;上海;回复@抔抔:有贪官怕啥，我跟贪官五五分，一不做二不休我再买五个未成年，从14岁给我开始生，生二十个！还能拿来招待领导，一个女人能赚二百万，五个女人一千万，五五开我还能得五百万，等买了房子就靠啃娃养老，然后死了老婆病故正好，不病故就精神病饿死更好，没了负担市里找个小的，领导夸我村里模范完美[doge];2022-02-07 18:37:01;1;1
"补贴三胎这事，就和大学里的贫困生补助一样。政策出来最后补贴落到谁手里？上过学的都心知肚明。大学里面，拿贫困生补助，并且真的贫困的，占多少比例？

现在年轻人不原因生孩子，是缺你那几百块钱吗？且不说三胎，一胎有多少人生？搁这儿直接三胎起步？活在200年前啊？生育指数要保持2.1才算平稳发展。日本的补贴高吗？生育指数只有1.34。中国2020年的生育指数只有1.3。

不是缺那么几百块。是大环境逼人绝育的。有些不是不愿意生，工作生活压力太大就是会影响生育率的。上世纪70年代，不孕不育率是2%而2020年统计已婚夫妇不孕不育是18%。是现在的物质比50年轻更匮乏了吗？是现实逼着人绝育。一天工作12个小时以上，晚上回家xxx都没时间。会生才怪了呢。

#每月补贴1000元你愿意生二胎或三胎吗#";抔抔;IP属地：广东;148;46;1438;毛峰太苦;上海;回复@昔有佳人叶孟秋:八个孩子通通赶去大城市打工赚钱去，市里房子他一个人住，死了老婆再找个小姑娘！;2022-02-07 18:31:14;1;1
"补贴三胎这事，就和大学里的贫困生补助一样。政策出来最后补贴落到谁手里？上过学的都心知肚明。大学里面，拿贫困生补助，并且真的贫困的，占多少比例？

现在年轻人不原因生孩子，是缺你那几百块钱吗？且不说三胎，一胎有多少人生？搁这儿直接三胎起步？活在200年前啊？生育指数要保持2.1才算平稳发展。日本的补贴高吗？生育指数只有1.34。中国2020年的生育指数只有1.3。

不是缺那么几百块。是大环境逼人绝育的。有些不是不愿意生，工作生活压力太大就是会影响生育率的。上世纪70年代，不孕不育率是2%而2020年统计已婚夫妇不孕不育是18%。是现在的物质比50年轻更匮乏了吗？是现实逼着人绝育。一天工作12个小时以上，晚上回家xxx都没时间。会生才怪了呢。

#每月补贴1000元你愿意生二胎或三胎吗#";抔抔;IP属地：广东;148;46;1438;毛峰太苦;上海;回复@昔有佳人叶孟秋:你傻呀 掌握财富密码的男人买了市里房子后 乡下老婆可以病故了呀 然后八个孩子赡养他一个老人！;2022-02-07 18:30:03;0;1
"补贴三胎这事，就和大学里的贫困生补助一样。政策出来最后补贴落到谁手里？上过学的都心知肚明。大学里面，拿贫困生补助，并且真的贫困的，占多少比例？

现在年轻人不原因生孩子，是缺你那几百块钱吗？且不说三胎，一胎有多少人生？搁这儿直接三胎起步？活在200年前啊？生育指数要保持2.1才算平稳发展。日本的补贴高吗？生育指数只有1.34。中国2020年的生育指数只有1.3。

不是缺那么几百块。是大环境逼人绝育的。有些不是不愿意生，工作生活压力太大就是会影响生育率的。上世纪70年代，不孕不育率是2%而2020年统计已婚夫妇不孕不育是18%。是现在的物质比50年轻更匮乏了吗？是现实逼着人绝育。一天工作12个小时以上，晚上回家xxx都没时间。会生才怪了呢。

#每月补贴1000元你愿意生二胎或三胎吗#";抔抔;IP属地：广东;148;46;1438;昔有佳人叶孟秋;山西;三室一厅住10个人（夫妻2人，孩子8），这福气给你你要不要;2022-02-07 18:28:30;1;1
"补贴三胎这事，就和大学里的贫困生补助一样。政策出来最后补贴落到谁手里？上过学的都心知肚明。大学里面，拿贫困生补助，并且真的贫困的，占多少比例？

现在年轻人不原因生孩子，是缺你那几百块钱吗？且不说三胎，一胎有多少人生？搁这儿直接三胎起步？活在200年前啊？生育指数要保持2.1才算平稳发展。日本的补贴高吗？生育指数只有1.34。中国2020年的生育指数只有1.3。

不是缺那么几百块。是大环境逼人绝育的。有些不是不愿意生，工作生活压力太大就是会影响生育率的。上世纪70年代，不孕不育率是2%而2020年统计已婚夫妇不孕不育是18%。是现在的物质比50年轻更匮乏了吗？是现实逼着人绝育。一天工作12个小时以上，晚上回家xxx都没时间。会生才怪了呢。

#每月补贴1000元你愿意生二胎或三胎吗#";抔抔;IP属地：广东;148;46;1438;糨糊是糊涂蛋;浙江;[耶][挤眼]照这样拐一个不够了，以后大家偷着摸着拐个七八个，小红楼式发家致富;2022-02-07 18:19:22;7;1
"补贴三胎这事，就和大学里的贫困生补助一样。政策出来最后补贴落到谁手里？上过学的都心知肚明。大学里面，拿贫困生补助，并且真的贫困的，占多少比例？

现在年轻人不原因生孩子，是缺你那几百块钱吗？且不说三胎，一胎有多少人生？搁这儿直接三胎起步？活在200年前啊？生育指数要保持2.1才算平稳发展。日本的补贴高吗？生育指数只有1.34。中国2020年的生育指数只有1.3。

不是缺那么几百块。是大环境逼人绝育的。有些不是不愿意生，工作生活压力太大就是会影响生育率的。上世纪70年代，不孕不育率是2%而2020年统计已婚夫妇不孕不育是18%。是现在的物质比50年轻更匮乏了吗？是现实逼着人绝育。一天工作12个小时以上，晚上回家xxx都没时间。会生才怪了呢。

#每月补贴1000元你愿意生二胎或三胎吗#";抔抔;IP属地：广东;148;46;1438;笑笑江湖生;其他;回复@抔抔:生育率低是因为女性得不到足够好处不愿生，得到足够好处也不愿多生，现代社会让一个女性多生很难，不仅是物质基础的问题。让很多女性生容易，就是有钱有足够的钱。富人生育越多财富分配越不公，富人必须不择手段敛财才能扶养以几何级增长的子孙后代。;2022-02-07 17:43:59;0;1
"补贴三胎这事，就和大学里的贫困生补助一样。政策出来最后补贴落到谁手里？上过学的都心知肚明。大学里面，拿贫困生补助，并且真的贫困的，占多少比例？

现在年轻人不原因生孩子，是缺你那几百块钱吗？且不说三胎，一胎有多少人生？搁这儿直接三胎起步？活在200年前啊？生育指数要保持2.1才算平稳发展。日本的补贴高吗？生育指数只有1.34。中国2020年的生育指数只有1.3。

不是缺那么几百块。是大环境逼人绝育的。有些不是不愿意生，工作生活压力太大就是会影响生育率的。上世纪70年代，不孕不育率是2%而2020年统计已婚夫妇不孕不育是18%。是现在的物质比50年轻更匮乏了吗？是现实逼着人绝育。一天工作12个小时以上，晚上回家xxx都没时间。会生才怪了呢。

#每月补贴1000元你愿意生二胎或三胎吗#";抔抔;IP属地：广东;148;46;1438;貌似人参的萝卜2022;天津;你这没算通胀率，而且你能保证这政策能不变到18岁[doge]？;2022-02-07 17:30:18;3;1
"补贴三胎这事，就和大学里的贫困生补助一样。政策出来最后补贴落到谁手里？上过学的都心知肚明。大学里面，拿贫困生补助，并且真的贫困的，占多少比例？

现在年轻人不原因生孩子，是缺你那几百块钱吗？且不说三胎，一胎有多少人生？搁这儿直接三胎起步？活在200年前啊？生育指数要保持2.1才算平稳发展。日本的补贴高吗？生育指数只有1.34。中国2020年的生育指数只有1.3。

不是缺那么几百块。是大环境逼人绝育的。有些不是不愿意生，工作生活压力太大就是会影响生育率的。上世纪70年代，不孕不育率是2%而2020年统计已婚夫妇不孕不育是18%。是现在的物质比50年轻更匮乏了吗？是现实逼着人绝育。一天工作12个小时以上，晚上回家xxx都没时间。会生才怪了呢。

#每月补贴1000元你愿意生二胎或三胎吗#";抔抔;IP属地：广东;148;46;1438;我叫MI5;海外 英国;回复@抔抔:格局大一点，如果让贪官参与抽成呢？;2022-02-07 17:26:27;0;1
"补贴三胎这事，就和大学里的贫困生补助一样。政策出来最后补贴落到谁手里？上过学的都心知肚明。大学里面，拿贫困生补助，并且真的贫困的，占多少比例？

现在年轻人不原因生孩子，是缺你那几百块钱吗？且不说三胎，一胎有多少人生？搁这儿直接三胎起步？活在200年前啊？生育指数要保持2.1才算平稳发展。日本的补贴高吗？生育指数只有1.34。中国2020年的生育指数只有1.3。

不是缺那么几百块。是大环境逼人绝育的。有些不是不愿意生，工作生活压力太大就是会影响生育率的。上世纪70年代，不孕不育率是2%而2020年统计已婚夫妇不孕不育是18%。是现在的物质比50年轻更匮乏了吗？是现实逼着人绝育。一天工作12个小时以上，晚上回家xxx都没时间。会生才怪了呢。

#每月补贴1000元你愿意生二胎或三胎吗#";抔抔;IP属地：广东;148;46;1438;抔抔;广东 深圳;能不能落实到你这里都是个大问题。谁知道路上有没有贪官污吏呢[doge];2022-02-07 17:23:27;16;1
"补贴三胎这事，就和大学里的贫困生补助一样。政策出来最后补贴落到谁手里？上过学的都心知肚明。大学里面，拿贫困生补助，并且真的贫困的，占多少比例？

现在年轻人不原因生孩子，是缺你那几百块钱吗？且不说三胎，一胎有多少人生？搁这儿直接三胎起步？活在200年前啊？生育指数要保持2.1才算平稳发展。日本的补贴高吗？生育指数只有1.34。中国2020年的生育指数只有1.3。

不是缺那么几百块。是大环境逼人绝育的。有些不是不愿意生，工作生活压力太大就是会影响生育率的。上世纪70年代，不孕不育率是2%而2020年统计已婚夫妇不孕不育是18%。是现在的物质比50年轻更匮乏了吗？是现实逼着人绝育。一天工作12个小时以上，晚上回家xxx都没时间。会生才怪了呢。

#每月补贴1000元你愿意生二胎或三胎吗#";抔抔;IP属地：广东;148;46;1438;我一定会踏着七彩祥云来接你;海外;就今天b站那个事。工作都要命了还想着生三胎？？;2022-02-07 17:08:08;302;0
"补贴三胎这事，就和大学里的贫困生补助一样。政策出来最后补贴落到谁手里？上过学的都心知肚明。大学里面，拿贫困生补助，并且真的贫困的，占多少比例？

现在年轻人不原因生孩子，是缺你那几百块钱吗？且不说三胎，一胎有多少人生？搁这儿直接三胎起步？活在200年前啊？生育指数要保持2.1才算平稳发展。日本的补贴高吗？生育指数只有1.34。中国2020年的生育指数只有1.3。

不是缺那么几百块。是大环境逼人绝育的。有些不是不愿意生，工作生活压力太大就是会影响生育率的。上世纪70年代，不孕不育率是2%而2020年统计已婚夫妇不孕不育是18%。是现在的物质比50年轻更匮乏了吗？是现实逼着人绝育。一天工作12个小时以上，晚上回家xxx都没时间。会生才怪了呢。

#每月补贴1000元你愿意生二胎或三胎吗#";抔抔;IP属地：广东;148;46;1438;我家狗子叫大宝;内蒙古 包头;我劝天公重抖擞，不拘一格降厂狗[doge];2022-03-20 21:06:43;0;1
"补贴三胎这事，就和大学里的贫困生补助一样。政策出来最后补贴落到谁手里？上过学的都心知肚明。大学里面，拿贫困生补助，并且真的贫困的，占多少比例？

现在年轻人不原因生孩子，是缺你那几百块钱吗？且不说三胎，一胎有多少人生？搁这儿直接三胎起步？活在200年前啊？生育指数要保持2.1才算平稳发展。日本的补贴高吗？生育指数只有1.34。中国2020年的生育指数只有1.3。

不是缺那么几百块。是大环境逼人绝育的。有些不是不愿意生，工作生活压力太大就是会影响生育率的。上世纪70年代，不孕不育率是2%而2020年统计已婚夫妇不孕不育是18%。是现在的物质比50年轻更匮乏了吗？是现实逼着人绝育。一天工作12个小时以上，晚上回家xxx都没时间。会生才怪了呢。

#每月补贴1000元你愿意生二胎或三胎吗#";抔抔;IP属地：广东;148;46;1438;无敌胖姐568;台湾 台北市;真实;2022-02-17 22:15:02;0;1
"补贴三胎这事，就和大学里的贫困生补助一样。政策出来最后补贴落到谁手里？上过学的都心知肚明。大学里面，拿贫困生补助，并且真的贫困的，占多少比例？

现在年轻人不原因生孩子，是缺你那几百块钱吗？且不说三胎，一胎有多少人生？搁这儿直接三胎起步？活在200年前啊？生育指数要保持2.1才算平稳发展。日本的补贴高吗？生育指数只有1.34。中国2020年的生育指数只有1.3。

不是缺那么几百块。是大环境逼人绝育的。有些不是不愿意生，工作生活压力太大就是会影响生育率的。上世纪70年代，不孕不育率是2%而2020年统计已婚夫妇不孕不育是18%。是现在的物质比50年轻更匮乏了吗？是现实逼着人绝育。一天工作12个小时以上，晚上回家xxx都没时间。会生才怪了呢。

#每月补贴1000元你愿意生二胎或三胎吗#";抔抔;IP属地：广东;148;46;1438;八重樱超级可爱;其他;回复@抔抔:[doge]没有工资所以不算加班;2022-02-08 13:58:21;0;1
"补贴三胎这事，就和大学里的贫困生补助一样。政策出来最后补贴落到谁手里？上过学的都心知肚明。大学里面，拿贫困生补助，并且真的贫困的，占多少比例？

现在年轻人不原因生孩子，是缺你那几百块钱吗？且不说三胎，一胎有多少人生？搁这儿直接三胎起步？活在200年前啊？生育指数要保持2.1才算平稳发展。日本的补贴高吗？生育指数只有1.34。中国2020年的生育指数只有1.3。

不是缺那么几百块。是大环境逼人绝育的。有些不是不愿意生，工作生活压力太大就是会影响生育率的。上世纪70年代，不孕不育率是2%而2020年统计已婚夫妇不孕不育是18%。是现在的物质比50年轻更匮乏了吗？是现实逼着人绝育。一天工作12个小时以上，晚上回家xxx都没时间。会生才怪了呢。

#每月补贴1000元你愿意生二胎或三胎吗#";抔抔;IP属地：广东;148;46;1438;米某不再沉默;四川;回复@知新解旧:阔怕;2022-02-07 19:09:36;0;1
"补贴三胎这事，就和大学里的贫困生补助一样。政策出来最后补贴落到谁手里？上过学的都心知肚明。大学里面，拿贫困生补助，并且真的贫困的，占多少比例？

现在年轻人不原因生孩子，是缺你那几百块钱吗？且不说三胎，一胎有多少人生？搁这儿直接三胎起步？活在200年前啊？生育指数要保持2.1才算平稳发展。日本的补贴高吗？生育指数只有1.34。中国2020年的生育指数只有1.3。

不是缺那么几百块。是大环境逼人绝育的。有些不是不愿意生，工作生活压力太大就是会影响生育率的。上世纪70年代，不孕不育率是2%而2020年统计已婚夫妇不孕不育是18%。是现在的物质比50年轻更匮乏了吗？是现实逼着人绝育。一天工作12个小时以上，晚上回家xxx都没时间。会生才怪了呢。

#每月补贴1000元你愿意生二胎或三胎吗#";抔抔;IP属地：广东;148;46;1438;米某不再沉默;四川;回复@抔抔:我丢;2022-02-07 19:09:28;0;1
"补贴三胎这事，就和大学里的贫困生补助一样。政策出来最后补贴落到谁手里？上过学的都心知肚明。大学里面，拿贫困生补助，并且真的贫困的，占多少比例？

现在年轻人不原因生孩子，是缺你那几百块钱吗？且不说三胎，一胎有多少人生？搁这儿直接三胎起步？活在200年前啊？生育指数要保持2.1才算平稳发展。日本的补贴高吗？生育指数只有1.34。中国2020年的生育指数只有1.3。

不是缺那么几百块。是大环境逼人绝育的。有些不是不愿意生，工作生活压力太大就是会影响生育率的。上世纪70年代，不孕不育率是2%而2020年统计已婚夫妇不孕不育是18%。是现在的物质比50年轻更匮乏了吗？是现实逼着人绝育。一天工作12个小时以上，晚上回家xxx都没时间。会生才怪了呢。

#每月补贴1000元你愿意生二胎或三胎吗#";抔抔;IP属地：广东;148;46;1438;SharkPepperr;海外 立陶宛;回复@勾勾今天还在吗:笑死，我自己都快加班加死了，还管我那不知道有没有机会出生的孩子？[吃瓜];2022-02-07 17:36:51;10;1
"补贴三胎这事，就和大学里的贫困生补助一样。政策出来最后补贴落到谁手里？上过学的都心知肚明。大学里面，拿贫困生补助，并且真的贫困的，占多少比例？

现在年轻人不原因生孩子，是缺你那几百块钱吗？且不说三胎，一胎有多少人生？搁这儿直接三胎起步？活在200年前啊？生育指数要保持2.1才算平稳发展。日本的补贴高吗？生育指数只有1.34。中国2020年的生育指数只有1.3。

不是缺那么几百块。是大环境逼人绝育的。有些不是不愿意生，工作生活压力太大就是会影响生育率的。上世纪70年代，不孕不育率是2%而2020年统计已婚夫妇不孕不育是18%。是现在的物质比50年轻更匮乏了吗？是现实逼着人绝育。一天工作12个小时以上，晚上回家xxx都没时间。会生才怪了呢。

#每月补贴1000元你愿意生二胎或三胎吗#";抔抔;IP属地：广东;148;46;1438;知新解旧;陕西 西安;回复@米某不再沉默:八对八加班脑出血人没了[单身狗];2022-02-07 17:34:00;1;1
"补贴三胎这事，就和大学里的贫困生补助一样。政策出来最后补贴落到谁手里？上过学的都心知肚明。大学里面，拿贫困生补助，并且真的贫困的，占多少比例？

现在年轻人不原因生孩子，是缺你那几百块钱吗？且不说三胎，一胎有多少人生？搁这儿直接三胎起步？活在200年前啊？生育指数要保持2.1才算平稳发展。日本的补贴高吗？生育指数只有1.34。中国2020年的生育指数只有1.3。

不是缺那么几百块。是大环境逼人绝育的。有些不是不愿意生，工作生活压力太大就是会影响生育率的。上世纪70年代，不孕不育率是2%而2020年统计已婚夫妇不孕不育是18%。是现在的物质比50年轻更匮乏了吗？是现实逼着人绝育。一天工作12个小时以上，晚上回家xxx都没时间。会生才怪了呢。

#每月补贴1000元你愿意生二胎或三胎吗#";抔抔;IP属地：广东;148;46;1438;勾勾今天还在吗;河北;你再不生孩子，下一代只会加班加的更厉害;2022-02-07 17:33:01;0;1
"补贴三胎这事，就和大学里的贫困生补助一样。政策出来最后补贴落到谁手里？上过学的都心知肚明。大学里面，拿贫困生补助，并且真的贫困的，占多少比例？

现在年轻人不原因生孩子，是缺你那几百块钱吗？且不说三胎，一胎有多少人生？搁这儿直接三胎起步？活在200年前啊？生育指数要保持2.1才算平稳发展。日本的补贴高吗？生育指数只有1.34。中国2020年的生育指数只有1.3。

不是缺那么几百块。是大环境逼人绝育的。有些不是不愿意生，工作生活压力太大就是会影响生育率的。上世纪70年代，不孕不育率是2%而2020年统计已婚夫妇不孕不育是18%。是现在的物质比50年轻更匮乏了吗？是现实逼着人绝育。一天工作12个小时以上，晚上回家xxx都没时间。会生才怪了呢。

#每月补贴1000元你愿意生二胎或三胎吗#";抔抔;IP属地：广东;148;46;1438;抔抔;广东 深圳;回复@米某不再沉默:b站要求员工过年加班导致员工猝死;2022-02-07 17:16:56;3;1
"补贴三胎这事，就和大学里的贫困生补助一样。政策出来最后补贴落到谁手里？上过学的都心知肚明。大学里面，拿贫困生补助，并且真的贫困的，占多少比例？

现在年轻人不原因生孩子，是缺你那几百块钱吗？且不说三胎，一胎有多少人生？搁这儿直接三胎起步？活在200年前啊？生育指数要保持2.1才算平稳发展。日本的补贴高吗？生育指数只有1.34。中国2020年的生育指数只有1.3。

不是缺那么几百块。是大环境逼人绝育的。有些不是不愿意生，工作生活压力太大就是会影响生育率的。上世纪70年代，不孕不育率是2%而2020年统计已婚夫妇不孕不育是18%。是现在的物质比50年轻更匮乏了吗？是现实逼着人绝育。一天工作12个小时以上，晚上回家xxx都没时间。会生才怪了呢。

#每月补贴1000元你愿意生二胎或三胎吗#";抔抔;IP属地：广东;148;46;1438;fermyosotis;江苏;咱就不说一线和新一线了，就二线三线城市那房价都涨成什么样子了，在县城买房的都是在一线新一线打工的，农村的想往城里去那都是要了老命了。话又说回来，在一线新一线打工的为什么要去二线三线买房呀？还不是因为在打工的地买不起嘛！房价这个基本问题不解决，还给你生三胎，你问问年轻人愿意吗？;2022-02-07 17:13:36;7;1
"补贴三胎这事，就和大学里的贫困生补助一样。政策出来最后补贴落到谁手里？上过学的都心知肚明。大学里面，拿贫困生补助，并且真的贫困的，占多少比例？

现在年轻人不原因生孩子，是缺你那几百块钱吗？且不说三胎，一胎有多少人生？搁这儿直接三胎起步？活在200年前啊？生育指数要保持2.1才算平稳发展。日本的补贴高吗？生育指数只有1.34。中国2020年的生育指数只有1.3。

不是缺那么几百块。是大环境逼人绝育的。有些不是不愿意生，工作生活压力太大就是会影响生育率的。上世纪70年代，不孕不育率是2%而2020年统计已婚夫妇不孕不育是18%。是现在的物质比50年轻更匮乏了吗？是现实逼着人绝育。一天工作12个小时以上，晚上回家xxx都没时间。会生才怪了呢。

#每月补贴1000元你愿意生二胎或三胎吗#";抔抔;IP属地：广东;148;46;1438;米某不再沉默;四川;发生了什么;2022-02-07 17:11:15;0;1
"补贴三胎这事，就和大学里的贫困生补助一样。政策出来最后补贴落到谁手里？上过学的都心知肚明。大学里面，拿贫困生补助，并且真的贫困的，占多少比例？

现在年轻人不原因生孩子，是缺你那几百块钱吗？且不说三胎，一胎有多少人生？搁这儿直接三胎起步？活在200年前啊？生育指数要保持2.1才算平稳发展。日本的补贴高吗？生育指数只有1.34。中国2020年的生育指数只有1.3。

不是缺那么几百块。是大环境逼人绝育的。有些不是不愿意生，工作生活压力太大就是会影响生育率的。上世纪70年代，不孕不育率是2%而2020年统计已婚夫妇不孕不育是18%。是现在的物质比50年轻更匮乏了吗？是现实逼着人绝育。一天工作12个小时以上，晚上回家xxx都没时间。会生才怪了呢。

#每月补贴1000元你愿意生二胎或三胎吗#";抔抔;IP属地：广东;148;46;1438;抔抔;广东 深圳;[裂开];2022-02-07 17:08:19;0;1
"补贴三胎这事，就和大学里的贫困生补助一样。政策出来最后补贴落到谁手里？上过学的都心知肚明。大学里面，拿贫困生补助，并且真的贫困的，占多少比例？

现在年轻人不原因生孩子，是缺你那几百块钱吗？且不说三胎，一胎有多少人生？搁这儿直接三胎起步？活在200年前啊？生育指数要保持2.1才算平稳发展。日本的补贴高吗？生育指数只有1.34。中国2020年的生育指数只有1.3。

不是缺那么几百块。是大环境逼人绝育的。有些不是不愿意生，工作生活压力太大就是会影响生育率的。上世纪70年代，不孕不育率是2%而2020年统计已婚夫妇不孕不育是18%。是现在的物质比50年轻更匮乏了吗？是现实逼着人绝育。一天工作12个小时以上，晚上回家xxx都没时间。会生才怪了呢。

#每月补贴1000元你愿意生二胎或三胎吗#";抔抔;IP属地：广东;148;46;1438;火焰花伏龙芝;其他;合着您这么说大学的贫困补贴全都没给贫困生对吧，真的笑死了，就像您这么说，富人谁稀罕那几千的贫困补贴啊。;2022-02-08 09:49:35;0;0
"补贴三胎这事，就和大学里的贫困生补助一样。政策出来最后补贴落到谁手里？上过学的都心知肚明。大学里面，拿贫困生补助，并且真的贫困的，占多少比例？

现在年轻人不原因生孩子，是缺你那几百块钱吗？且不说三胎，一胎有多少人生？搁这儿直接三胎起步？活在200年前啊？生育指数要保持2.1才算平稳发展。日本的补贴高吗？生育指数只有1.34。中国2020年的生育指数只有1.3。

不是缺那么几百块。是大环境逼人绝育的。有些不是不愿意生，工作生活压力太大就是会影响生育率的。上世纪70年代，不孕不育率是2%而2020年统计已婚夫妇不孕不育是18%。是现在的物质比50年轻更匮乏了吗？是现实逼着人绝育。一天工作12个小时以上，晚上回家xxx都没时间。会生才怪了呢。

#每月补贴1000元你愿意生二胎或三胎吗#";抔抔;IP属地：广东;148;46;1438;抔抔;广东 深圳;你看清楚了？我文章中没有提到富人两个字。你以为补贴就是钱吗？大学的贫困生补贴名额不光是钱还可以提报国家奖学金等荣誉奖项。你读过大学吗？在这里乱说？;2022-02-08 10:15:09;0;1
"补贴三胎这事，就和大学里的贫困生补助一样。政策出来最后补贴落到谁手里？上过学的都心知肚明。大学里面，拿贫困生补助，并且真的贫困的，占多少比例？

现在年轻人不原因生孩子，是缺你那几百块钱吗？且不说三胎，一胎有多少人生？搁这儿直接三胎起步？活在200年前啊？生育指数要保持2.1才算平稳发展。日本的补贴高吗？生育指数只有1.34。中国2020年的生育指数只有1.3。

不是缺那么几百块。是大环境逼人绝育的。有些不是不愿意生，工作生活压力太大就是会影响生育率的。上世纪70年代，不孕不育率是2%而2020年统计已婚夫妇不孕不育是18%。是现在的物质比50年轻更匮乏了吗？是现实逼着人绝育。一天工作12个小时以上，晚上回家xxx都没时间。会生才怪了呢。

#每月补贴1000元你愿意生二胎或三胎吗#";抔抔;IP属地：广东;148;46;1438;油头大波浪;北京;想想你爸妈，那时候更辛苦，不也一样把你拉扯大了;2022-02-17 18:04:55;0;0
"补贴三胎这事，就和大学里的贫困生补助一样。政策出来最后补贴落到谁手里？上过学的都心知肚明。大学里面，拿贫困生补助，并且真的贫困的，占多少比例？

现在年轻人不原因生孩子，是缺你那几百块钱吗？且不说三胎，一胎有多少人生？搁这儿直接三胎起步？活在200年前啊？生育指数要保持2.1才算平稳发展。日本的补贴高吗？生育指数只有1.34。中国2020年的生育指数只有1.3。

不是缺那么几百块。是大环境逼人绝育的。有些不是不愿意生，工作生活压力太大就是会影响生育率的。上世纪70年代，不孕不育率是2%而2020年统计已婚夫妇不孕不育是18%。是现在的物质比50年轻更匮乏了吗？是现实逼着人绝育。一天工作12个小时以上，晚上回家xxx都没时间。会生才怪了呢。

#每月补贴1000元你愿意生二胎或三胎吗#";抔抔;IP属地：广东;148;46;1438;油头大波浪;北京;回复@17岁少男惨遭女老师轮流布置作业:在理;2022-03-30 21:56:12;0;1
"补贴三胎这事，就和大学里的贫困生补助一样。政策出来最后补贴落到谁手里？上过学的都心知肚明。大学里面，拿贫困生补助，并且真的贫困的，占多少比例？

现在年轻人不原因生孩子，是缺你那几百块钱吗？且不说三胎，一胎有多少人生？搁这儿直接三胎起步？活在200年前啊？生育指数要保持2.1才算平稳发展。日本的补贴高吗？生育指数只有1.34。中国2020年的生育指数只有1.3。

不是缺那么几百块。是大环境逼人绝育的。有些不是不愿意生，工作生活压力太大就是会影响生育率的。上世纪70年代，不孕不育率是2%而2020年统计已婚夫妇不孕不育是18%。是现在的物质比50年轻更匮乏了吗？是现实逼着人绝育。一天工作12个小时以上，晚上回家xxx都没时间。会生才怪了呢。

#每月补贴1000元你愿意生二胎或三胎吗#";抔抔;IP属地：广东;148;46;1438;17岁少男惨遭女老师轮流布置作业;广东 惠州;这个社会你不想前进也是逼着你前进的，有些你不想消费也是被逼消费，想当年我妈还说我手机能打能听就行！现在？她也不得不换个智能手机必须要有微信;2022-03-30 21:51:03;0;1
"补贴三胎这事，就和大学里的贫困生补助一样。政策出来最后补贴落到谁手里？上过学的都心知肚明。大学里面，拿贫困生补助，并且真的贫困的，占多少比例？

现在年轻人不原因生孩子，是缺你那几百块钱吗？且不说三胎，一胎有多少人生？搁这儿直接三胎起步？活在200年前啊？生育指数要保持2.1才算平稳发展。日本的补贴高吗？生育指数只有1.34。中国2020年的生育指数只有1.3。

不是缺那么几百块。是大环境逼人绝育的。有些不是不愿意生，工作生活压力太大就是会影响生育率的。上世纪70年代，不孕不育率是2%而2020年统计已婚夫妇不孕不育是18%。是现在的物质比50年轻更匮乏了吗？是现实逼着人绝育。一天工作12个小时以上，晚上回家xxx都没时间。会生才怪了呢。

#每月补贴1000元你愿意生二胎或三胎吗#";抔抔;IP属地：广东;148;46;1438;猎犬zzz;广东 梅州;这能比吗，现在这个环境谁思想还那样啊[黑线];2022-03-24 11:22:22;0;1
"补贴三胎这事，就和大学里的贫困生补助一样。政策出来最后补贴落到谁手里？上过学的都心知肚明。大学里面，拿贫困生补助，并且真的贫困的，占多少比例？

现在年轻人不原因生孩子，是缺你那几百块钱吗？且不说三胎，一胎有多少人生？搁这儿直接三胎起步？活在200年前啊？生育指数要保持2.1才算平稳发展。日本的补贴高吗？生育指数只有1.34。中国2020年的生育指数只有1.3。

不是缺那么几百块。是大环境逼人绝育的。有些不是不愿意生，工作生活压力太大就是会影响生育率的。上世纪70年代，不孕不育率是2%而2020年统计已婚夫妇不孕不育是18%。是现在的物质比50年轻更匮乏了吗？是现实逼着人绝育。一天工作12个小时以上，晚上回家xxx都没时间。会生才怪了呢。

#每月补贴1000元你愿意生二胎或三胎吗#";抔抔;IP属地：广东;148;46;1438;好想李钟硕;湖北 武汉;回复@喜欢奶酪的小鼠:懒得和你扯了好吧 你不知道不代表没有;2022-02-22 14:17:16;2;1
"补贴三胎这事，就和大学里的贫困生补助一样。政策出来最后补贴落到谁手里？上过学的都心知肚明。大学里面，拿贫困生补助，并且真的贫困的，占多少比例？

现在年轻人不原因生孩子，是缺你那几百块钱吗？且不说三胎，一胎有多少人生？搁这儿直接三胎起步？活在200年前啊？生育指数要保持2.1才算平稳发展。日本的补贴高吗？生育指数只有1.34。中国2020年的生育指数只有1.3。

不是缺那么几百块。是大环境逼人绝育的。有些不是不愿意生，工作生活压力太大就是会影响生育率的。上世纪70年代，不孕不育率是2%而2020年统计已婚夫妇不孕不育是18%。是现在的物质比50年轻更匮乏了吗？是现实逼着人绝育。一天工作12个小时以上，晚上回家xxx都没时间。会生才怪了呢。

#每月补贴1000元你愿意生二胎或三胎吗#";抔抔;IP属地：广东;148;46;1438;油头大波浪;北京;回复 @好想李钟硕:双减后，现在哪里还有培训班可以上？;2022-02-22 12:33:32;0;1
"补贴三胎这事，就和大学里的贫困生补助一样。政策出来最后补贴落到谁手里？上过学的都心知肚明。大学里面，拿贫困生补助，并且真的贫困的，占多少比例？

现在年轻人不原因生孩子，是缺你那几百块钱吗？且不说三胎，一胎有多少人生？搁这儿直接三胎起步？活在200年前啊？生育指数要保持2.1才算平稳发展。日本的补贴高吗？生育指数只有1.34。中国2020年的生育指数只有1.3。

不是缺那么几百块。是大环境逼人绝育的。有些不是不愿意生，工作生活压力太大就是会影响生育率的。上世纪70年代，不孕不育率是2%而2020年统计已婚夫妇不孕不育是18%。是现在的物质比50年轻更匮乏了吗？是现实逼着人绝育。一天工作12个小时以上，晚上回家xxx都没时间。会生才怪了呢。

#每月补贴1000元你愿意生二胎或三胎吗#";抔抔;IP属地：广东;148;46;1438;好想李钟硕;湖北 武汉;回复@喜欢奶酪的小鼠:现在小孩不上培训班吗，你知道竞争多大吗，虽然有义务教育那也只是一部分，别拿之前的眼光看现在;2022-02-22 07:42:45;3;1
"补贴三胎这事，就和大学里的贫困生补助一样。政策出来最后补贴落到谁手里？上过学的都心知肚明。大学里面，拿贫困生补助，并且真的贫困的，占多少比例？

现在年轻人不原因生孩子，是缺你那几百块钱吗？且不说三胎，一胎有多少人生？搁这儿直接三胎起步？活在200年前啊？生育指数要保持2.1才算平稳发展。日本的补贴高吗？生育指数只有1.34。中国2020年的生育指数只有1.3。

不是缺那么几百块。是大环境逼人绝育的。有些不是不愿意生，工作生活压力太大就是会影响生育率的。上世纪70年代，不孕不育率是2%而2020年统计已婚夫妇不孕不育是18%。是现在的物质比50年轻更匮乏了吗？是现实逼着人绝育。一天工作12个小时以上，晚上回家xxx都没时间。会生才怪了呢。

#每月补贴1000元你愿意生二胎或三胎吗#";抔抔;IP属地：广东;148;46;1438;油头大波浪;北京;回复@好想李钟硕:现在小初都义务教育了，你说还有什么教育成本？;2022-02-22 02:01:51;0;1
"补贴三胎这事，就和大学里的贫困生补助一样。政策出来最后补贴落到谁手里？上过学的都心知肚明。大学里面，拿贫困生补助，并且真的贫困的，占多少比例？

现在年轻人不原因生孩子，是缺你那几百块钱吗？且不说三胎，一胎有多少人生？搁这儿直接三胎起步？活在200年前啊？生育指数要保持2.1才算平稳发展。日本的补贴高吗？生育指数只有1.34。中国2020年的生育指数只有1.3。

不是缺那么几百块。是大环境逼人绝育的。有些不是不愿意生，工作生活压力太大就是会影响生育率的。上世纪70年代，不孕不育率是2%而2020年统计已婚夫妇不孕不育是18%。是现在的物质比50年轻更匮乏了吗？是现实逼着人绝育。一天工作12个小时以上，晚上回家xxx都没时间。会生才怪了呢。

#每月补贴1000元你愿意生二胎或三胎吗#";抔抔;IP属地：广东;148;46;1438;好想李钟硕;湖北 武汉;以前的教育成本能和现在比吗，现在生活水平高等于物价也高，人的需求也高;2022-02-21 11:08:45;3;1
"补贴三胎这事，就和大学里的贫困生补助一样。政策出来最后补贴落到谁手里？上过学的都心知肚明。大学里面，拿贫困生补助，并且真的贫困的，占多少比例？

现在年轻人不原因生孩子，是缺你那几百块钱吗？且不说三胎，一胎有多少人生？搁这儿直接三胎起步？活在200年前啊？生育指数要保持2.1才算平稳发展。日本的补贴高吗？生育指数只有1.34。中国2020年的生育指数只有1.3。

不是缺那么几百块。是大环境逼人绝育的。有些不是不愿意生，工作生活压力太大就是会影响生育率的。上世纪70年代，不孕不育率是2%而2020年统计已婚夫妇不孕不育是18%。是现在的物质比50年轻更匮乏了吗？是现实逼着人绝育。一天工作12个小时以上，晚上回家xxx都没时间。会生才怪了呢。

#每月补贴1000元你愿意生二胎或三胎吗#";抔抔;IP属地：广东;148;46;1438;kawada伪形男_hd8家;河南 焦作;现在要培养孩子，真的是太难了。;2022-02-07 17:03:06;0;0
"补贴三胎这事，就和大学里的贫困生补助一样。政策出来最后补贴落到谁手里？上过学的都心知肚明。大学里面，拿贫困生补助，并且真的贫困的，占多少比例？

现在年轻人不原因生孩子，是缺你那几百块钱吗？且不说三胎，一胎有多少人生？搁这儿直接三胎起步？活在200年前啊？生育指数要保持2.1才算平稳发展。日本的补贴高吗？生育指数只有1.34。中国2020年的生育指数只有1.3。

不是缺那么几百块。是大环境逼人绝育的。有些不是不愿意生，工作生活压力太大就是会影响生育率的。上世纪70年代，不孕不育率是2%而2020年统计已婚夫妇不孕不育是18%。是现在的物质比50年轻更匮乏了吗？是现实逼着人绝育。一天工作12个小时以上，晚上回家xxx都没时间。会生才怪了呢。

#每月补贴1000元你愿意生二胎或三胎吗#";抔抔;IP属地：广东;148;46;1438;油头大波浪;北京;你爸妈不也这么把你拉扯大;2022-02-17 18:06:37;0;1
"补贴三胎这事，就和大学里的贫困生补助一样。政策出来最后补贴落到谁手里？上过学的都心知肚明。大学里面，拿贫困生补助，并且真的贫困的，占多少比例？

现在年轻人不原因生孩子，是缺你那几百块钱吗？且不说三胎，一胎有多少人生？搁这儿直接三胎起步？活在200年前啊？生育指数要保持2.1才算平稳发展。日本的补贴高吗？生育指数只有1.34。中国2020年的生育指数只有1.3。

不是缺那么几百块。是大环境逼人绝育的。有些不是不愿意生，工作生活压力太大就是会影响生育率的。上世纪70年代，不孕不育率是2%而2020年统计已婚夫妇不孕不育是18%。是现在的物质比50年轻更匮乏了吗？是现实逼着人绝育。一天工作12个小时以上，晚上回家xxx都没时间。会生才怪了呢。

#每月补贴1000元你愿意生二胎或三胎吗#";抔抔;IP属地：广东;148;46;1438;多吃巧克力奶油就会高兴;河北 廊坊;主要是每天上班太累了，实话说，对象都懒得找，没那个精神头搞东搞西;2022-02-07 17:35:28;4;0
"补贴三胎这事，就和大学里的贫困生补助一样。政策出来最后补贴落到谁手里？上过学的都心知肚明。大学里面，拿贫困生补助，并且真的贫困的，占多少比例？

现在年轻人不原因生孩子，是缺你那几百块钱吗？且不说三胎，一胎有多少人生？搁这儿直接三胎起步？活在200年前啊？生育指数要保持2.1才算平稳发展。日本的补贴高吗？生育指数只有1.34。中国2020年的生育指数只有1.3。

不是缺那么几百块。是大环境逼人绝育的。有些不是不愿意生，工作生活压力太大就是会影响生育率的。上世纪70年代，不孕不育率是2%而2020年统计已婚夫妇不孕不育是18%。是现在的物质比50年轻更匮乏了吗？是现实逼着人绝育。一天工作12个小时以上，晚上回家xxx都没时间。会生才怪了呢。

#每月补贴1000元你愿意生二胎或三胎吗#";抔抔;IP属地：广东;148;46;1438;慕林公子;上海 虹口区;等你结婚有娃了会明白，上班是在休假，休假在家带娃做家务等于在上班，带娃比上班辛苦太多太多了，娃一生病，天都塌了，没日没夜的照顾，第二天还要上班，每天提心吊胆担惊受怕，每次去医院儿科人满为患，周末休息单身时想怎么玩怎么玩，有娃了比上班还累;2022-02-07 17:51:51;2;1
"补贴三胎这事，就和大学里的贫困生补助一样。政策出来最后补贴落到谁手里？上过学的都心知肚明。大学里面，拿贫困生补助，并且真的贫困的，占多少比例？

现在年轻人不原因生孩子，是缺你那几百块钱吗？且不说三胎，一胎有多少人生？搁这儿直接三胎起步？活在200年前啊？生育指数要保持2.1才算平稳发展。日本的补贴高吗？生育指数只有1.34。中国2020年的生育指数只有1.3。

不是缺那么几百块。是大环境逼人绝育的。有些不是不愿意生，工作生活压力太大就是会影响生育率的。上世纪70年代，不孕不育率是2%而2020年统计已婚夫妇不孕不育是18%。是现在的物质比50年轻更匮乏了吗？是现实逼着人绝育。一天工作12个小时以上，晚上回家xxx都没时间。会生才怪了呢。

#每月补贴1000元你愿意生二胎或三胎吗#";抔抔;IP属地：广东;148;46;1438;沈唯---;广东 珠海;生了当资本家的牛马！？又要当韭菜又要哄好嘛……年轻人已经很清醒了;2022-02-07 17:21:34;10;0
"补贴三胎这事，就和大学里的贫困生补助一样。政策出来最后补贴落到谁手里？上过学的都心知肚明。大学里面，拿贫困生补助，并且真的贫困的，占多少比例？

现在年轻人不原因生孩子，是缺你那几百块钱吗？且不说三胎，一胎有多少人生？搁这儿直接三胎起步？活在200年前啊？生育指数要保持2.1才算平稳发展。日本的补贴高吗？生育指数只有1.34。中国2020年的生育指数只有1.3。

不是缺那么几百块。是大环境逼人绝育的。有些不是不愿意生，工作生活压力太大就是会影响生育率的。上世纪70年代，不孕不育率是2%而2020年统计已婚夫妇不孕不育是18%。是现在的物质比50年轻更匮乏了吗？是现实逼着人绝育。一天工作12个小时以上，晚上回家xxx都没时间。会生才怪了呢。

#每月补贴1000元你愿意生二胎或三胎吗#";抔抔;IP属地：广东;148;46;1438;如凤abc;其他;早上听两个环卫工人，在聊想生三胎的事，说要响应号召。真的洗脑洗的真牛。;2022-02-17 22:18:05;3;1
"补贴三胎这事，就和大学里的贫困生补助一样。政策出来最后补贴落到谁手里？上过学的都心知肚明。大学里面，拿贫困生补助，并且真的贫困的，占多少比例？

现在年轻人不原因生孩子，是缺你那几百块钱吗？且不说三胎，一胎有多少人生？搁这儿直接三胎起步？活在200年前啊？生育指数要保持2.1才算平稳发展。日本的补贴高吗？生育指数只有1.34。中国2020年的生育指数只有1.3。

不是缺那么几百块。是大环境逼人绝育的。有些不是不愿意生，工作生活压力太大就是会影响生育率的。上世纪70年代，不孕不育率是2%而2020年统计已婚夫妇不孕不育是18%。是现在的物质比50年轻更匮乏了吗？是现实逼着人绝育。一天工作12个小时以上，晚上回家xxx都没时间。会生才怪了呢。

#每月补贴1000元你愿意生二胎或三胎吗#";抔抔;IP属地：广东;148;46;1438;yuntian0513;山东 潍坊;这种问题也很简单去理解，房价占平均工资的的1/5；医疗政府全包；大学本科研究生严出、提高高职教育；提高人员的综合性价比素质；放假全年占到45-60天，；必须实行双休，我个人觉得这些就够了，与其说些不现实，还不如做点实事;2022-02-07 19:44:07;5;0
"补贴三胎这事，就和大学里的贫困生补助一样。政策出来最后补贴落到谁手里？上过学的都心知肚明。大学里面，拿贫困生补助，并且真的贫困的，占多少比例？

现在年轻人不原因生孩子，是缺你那几百块钱吗？且不说三胎，一胎有多少人生？搁这儿直接三胎起步？活在200年前啊？生育指数要保持2.1才算平稳发展。日本的补贴高吗？生育指数只有1.34。中国2020年的生育指数只有1.3。

不是缺那么几百块。是大环境逼人绝育的。有些不是不愿意生，工作生活压力太大就是会影响生育率的。上世纪70年代，不孕不育率是2%而2020年统计已婚夫妇不孕不育是18%。是现在的物质比50年轻更匮乏了吗？是现实逼着人绝育。一天工作12个小时以上，晚上回家xxx都没时间。会生才怪了呢。

#每月补贴1000元你愿意生二胎或三胎吗#";抔抔;IP属地：广东;148;46;1438;rermens;其他;搁这做梦呢？不把骨髓吸干就算大恩大德了;2022-02-07 23:10:57;0;1
"补贴三胎这事，就和大学里的贫困生补助一样。政策出来最后补贴落到谁手里？上过学的都心知肚明。大学里面，拿贫困生补助，并且真的贫困的，占多少比例？

现在年轻人不原因生孩子，是缺你那几百块钱吗？且不说三胎，一胎有多少人生？搁这儿直接三胎起步？活在200年前啊？生育指数要保持2.1才算平稳发展。日本的补贴高吗？生育指数只有1.34。中国2020年的生育指数只有1.3。

不是缺那么几百块。是大环境逼人绝育的。有些不是不愿意生，工作生活压力太大就是会影响生育率的。上世纪70年代，不孕不育率是2%而2020年统计已婚夫妇不孕不育是18%。是现在的物质比50年轻更匮乏了吗？是现实逼着人绝育。一天工作12个小时以上，晚上回家xxx都没时间。会生才怪了呢。

#每月补贴1000元你愿意生二胎或三胎吗#";抔抔;IP属地：广东;148;46;1438;yuntian0513;山东 潍坊;有了时间，有了钱，有了精力，你还愁生孩子，别超生就行，搞不清事情本质还是想当睁眼瞎，民众都不傻;2022-02-07 19:46:15;0;1
"补贴三胎这事，就和大学里的贫困生补助一样。政策出来最后补贴落到谁手里？上过学的都心知肚明。大学里面，拿贫困生补助，并且真的贫困的，占多少比例？

现在年轻人不原因生孩子，是缺你那几百块钱吗？且不说三胎，一胎有多少人生？搁这儿直接三胎起步？活在200年前啊？生育指数要保持2.1才算平稳发展。日本的补贴高吗？生育指数只有1.34。中国2020年的生育指数只有1.3。

不是缺那么几百块。是大环境逼人绝育的。有些不是不愿意生，工作生活压力太大就是会影响生育率的。上世纪70年代，不孕不育率是2%而2020年统计已婚夫妇不孕不育是18%。是现在的物质比50年轻更匮乏了吗？是现实逼着人绝育。一天工作12个小时以上，晚上回家xxx都没时间。会生才怪了呢。

#每月补贴1000元你愿意生二胎或三胎吗#";抔抔;IP属地：广东;148;46;1438;Fanyong丶;其他;奖励一套房，免费教育，免费医疗才考虑，缺你1000啊，买套小孩羽绒衣都不够。;2022-02-07 17:10:32;2;0
"补贴三胎这事，就和大学里的贫困生补助一样。政策出来最后补贴落到谁手里？上过学的都心知肚明。大学里面，拿贫困生补助，并且真的贫困的，占多少比例？

现在年轻人不原因生孩子，是缺你那几百块钱吗？且不说三胎，一胎有多少人生？搁这儿直接三胎起步？活在200年前啊？生育指数要保持2.1才算平稳发展。日本的补贴高吗？生育指数只有1.34。中国2020年的生育指数只有1.3。

不是缺那么几百块。是大环境逼人绝育的。有些不是不愿意生，工作生活压力太大就是会影响生育率的。上世纪70年代，不孕不育率是2%而2020年统计已婚夫妇不孕不育是18%。是现在的物质比50年轻更匮乏了吗？是现实逼着人绝育。一天工作12个小时以上，晚上回家xxx都没时间。会生才怪了呢。

#每月补贴1000元你愿意生二胎或三胎吗#";抔抔;IP属地：广东;148;46;1438;如凤abc;其他;这只能在梦里;2022-02-17 22:19:56;1;1
身高＋视力＋牙齿成了很多孩子的三座大山，但要是三座大山×3呢？#三胎生育政策来了#  小儿内分泌林医生的微博视频 ;小儿内分泌林医生;湖北 武汉;46;6;36;所谓猫mao;海南 三亚;三座大山全都压在我身上[允悲] 目前身高只用定期复查，眼睛还在尽力拖，之后角膜塑形镜是跑不掉的，牙齿也是还在观察，矫正是必须的，区别只是做一次还是做两次[允悲];2022-03-01 17:37:00;2;0
身高＋视力＋牙齿成了很多孩子的三座大山，但要是三座大山×3呢？#三胎生育政策来了#  小儿内分泌林医生的微博视频 ;小儿内分泌林医生;湖北 武汉;46;6;36;jymama_mm;上海 黄浦区;回复@所谓猫mao:那不用担心，基础身高非常突出了！我们也一直监测身高，不过是遗传不好[允悲][允悲]父母近视，也每半年监测眼轴增长，牙齿也拥挤，在考虑要不要提早去扩下牙弓！;2022-03-02 08:43:00;0;1
身高＋视力＋牙齿成了很多孩子的三座大山，但要是三座大山×3呢？#三胎生育政策来了#  小儿内分泌林医生的微博视频 ;小儿内分泌林医生;湖北 武汉;46;6;36;所谓猫mao;海南 三亚;回复 @jymama_mm:确实遗传也不错，爸爸190妈妈163，但是身高增速过快而且身高曲线长期在97%以上，定期去医院查一下骨龄比较安心，无事皆大欢喜，有问题及早干预;2022-03-01 22:38:49;0;1
身高＋视力＋牙齿成了很多孩子的三座大山，但要是三座大山×3呢？#三胎生育政策来了#  小儿内分泌林医生的微博视频 ;小儿内分泌林医生;湖北 武汉;46;6;36;jymama_mm;上海 黄浦区;回复@所谓猫mao:应该属于遗传贼好的吧;2022-03-01 22:19:08;0;1
身高＋视力＋牙齿成了很多孩子的三座大山，但要是三座大山×3呢？#三胎生育政策来了#  小儿内分泌林医生的微博视频 ;小儿内分泌林医生;湖北 武汉;46;6;36;jymama_mm;上海 黄浦区;回复@所谓猫mao:超高啊;2022-03-01 22:18:08;0;1
身高＋视力＋牙齿成了很多孩子的三座大山，但要是三座大山×3呢？#三胎生育政策来了#  小儿内分泌林医生的微博视频 ;小儿内分泌林医生;湖北 武汉;46;6;36;在吐泡泡ooo;其他;回复@所谓猫mao:没有远视储备的意思是室外活动的时间太少了吗;2022-03-01 20:32:30;0;1
身高＋视力＋牙齿成了很多孩子的三座大山，但要是三座大山×3呢？#三胎生育政策来了#  小儿内分泌林医生的微博视频 ;小儿内分泌林医生;湖北 武汉;46;6;36;所谓猫mao;海南 三亚;回复 @在吐泡泡ooo:增速太快就需要注意，我们之前一年长10厘米，最近两年降下来了，一年7-8，所以只是观察没有干预;2022-03-01 20:22:42;0;1
身高＋视力＋牙齿成了很多孩子的三座大山，但要是三座大山×3呢？#三胎生育政策来了#  小儿内分泌林医生的微博视频 ;小儿内分泌林医生;湖北 武汉;46;6;36;所谓猫mao;海南 三亚;回复 @jymama_mm:光脚148;2022-03-01 20:20:21;0;1
身高＋视力＋牙齿成了很多孩子的三座大山，但要是三座大山×3呢？#三胎生育政策来了#  小儿内分泌林医生的微博视频 ;小儿内分泌林医生;湖北 武汉;46;6;36;jymama_mm;上海 黄浦区;八岁半多高啊？;2022-03-01 20:14:00;0;1
身高＋视力＋牙齿成了很多孩子的三座大山，但要是三座大山×3呢？#三胎生育政策来了#  小儿内分泌林医生的微博视频 ;小儿内分泌林医生;湖北 武汉;46;6;36;在吐泡泡ooo;其他;回复@所谓猫mao:长的高也不行吗？;2022-03-01 19:53:45;0;1
身高＋视力＋牙齿成了很多孩子的三座大山，但要是三座大山×3呢？#三胎生育政策来了#  小儿内分泌林医生的微博视频 ;小儿内分泌林医生;湖北 武汉;46;6;36;所谓猫mao;海南 三亚;回复 @在吐泡泡ooo:身高增长过快，没有远视储备(即将近视)，牙列拥挤[泪];2022-03-01 19:36:00;0;1
身高＋视力＋牙齿成了很多孩子的三座大山，但要是三座大山×3呢？#三胎生育政策来了#  小儿内分泌林医生的微博视频 ;小儿内分泌林医生;湖北 武汉;46;6;36;在吐泡泡ooo;其他;👀怎么了;2022-03-01 19:10:09;0;1
身高＋视力＋牙齿成了很多孩子的三座大山，但要是三座大山×3呢？#三胎生育政策来了#  小儿内分泌林医生的微博视频 ;小儿内分泌林医生;湖北 武汉;46;6;36;所谓猫mao;海南 三亚;回复 @不举栗子c:八岁半;2022-03-01 18:36:17;0;1
身高＋视力＋牙齿成了很多孩子的三座大山，但要是三座大山×3呢？#三胎生育政策来了#  小儿内分泌林医生的微博视频 ;小儿内分泌林医生;湖北 武汉;46;6;36;不举栗子c;湖北 武汉;你家宝多大了呀;2022-03-01 17:54:11;1;1
身高＋视力＋牙齿成了很多孩子的三座大山，但要是三座大山×3呢？#三胎生育政策来了#  小儿内分泌林医生的微博视频 ;小儿内分泌林医生;湖北 武汉;46;6;36;陈小姐来过;广西;我儿子身高和牙齿已经花我好多钱了，一直在用生长激素[允悲]希望他能长到175以上我就笑了;2022-03-05 15:18:26;0;0
身高＋视力＋牙齿成了很多孩子的三座大山，但要是三座大山×3呢？#三胎生育政策来了#  小儿内分泌林医生的微博视频 ;小儿内分泌林医生;湖北 武汉;46;6;36;陈小姐来过;广西;回复@失散多年的姐姐vonchen:断断续续也有四年了;2022-03-07 14:56:01;0;1
身高＋视力＋牙齿成了很多孩子的三座大山，但要是三座大山×3呢？#三胎生育政策来了#  小儿内分泌林医生的微博视频 ;小儿内分泌林医生;湖北 武汉;46;6;36;失散多年的姐姐vonchen;湖北 武汉;你们生长激素打了多久，我们今年第四年了;2022-03-06 23:06:41;0;1
身高＋视力＋牙齿成了很多孩子的三座大山，但要是三座大山×3呢？#三胎生育政策来了#  小儿内分泌林医生的微博视频 ;小儿内分泌林医生;湖北 武汉;46;6;36;w筱佳;四川 成都;说得对，我们还在脱敏，娃简直太烧钱;2022-03-01 19:38:35;0;0
身高＋视力＋牙齿成了很多孩子的三座大山，但要是三座大山×3呢？#三胎生育政策来了#  小儿内分泌林医生的微博视频 ;小儿内分泌林医生;湖北 武汉;46;6;36;庄上人生路;广东 广州;你好。请教一下，是有什么症状？还是哪方面容易过敏？;2022-03-09 10:44:06;0;1
身高＋视力＋牙齿成了很多孩子的三座大山，但要是三座大山×3呢？#三胎生育政策来了#  小儿内分泌林医生的微博视频 ;小儿内分泌林医生;湖北 武汉;46;6;36;gen桑的眼镜;浙江 杭州;目前*2，还有脱敏;2022-03-01 19:10:11;0;0
身高＋视力＋牙齿成了很多孩子的三座大山，但要是三座大山×3呢？#三胎生育政策来了#  小儿内分泌林医生的微博视频 ;小儿内分泌林医生;湖北 武汉;46;6;36;庄上人生路;广东 广州;是有什么症状？哪方面容易过敏？;2022-03-09 10:43:09;0;1
身高＋视力＋牙齿成了很多孩子的三座大山，但要是三座大山×3呢？#三胎生育政策来了#  小儿内分泌林医生的微博视频 ;小儿内分泌林医生;湖北 武汉;46;6;36;gen桑的眼镜;浙江 杭州;回复@辰子彩虹:还没开始;2022-03-01 23:10:48;0;1
身高＋视力＋牙齿成了很多孩子的三座大山，但要是三座大山×3呢？#三胎生育政策来了#  小儿内分泌林医生的微博视频 ;小儿内分泌林医生;湖北 武汉;46;6;36;辰子彩虹;湖北;是打针脱敏吗。感觉效果咋样;2022-03-01 22:48:19;0;1
生孩子这事，不是说生就生的，老百姓要权衡很多。 市场昨日的炒作，今天被团灭了。;wu2198;广西 南宁;159;16;9234;海南好风光;海南 海口;前些年超生抓那么狠，现在又如此鼓励。这个政策如此反复，让人不安。;2022-03-08 10:06:56;47;0
生孩子这事，不是说生就生的，老百姓要权衡很多。 市场昨日的炒作，今天被团灭了。;wu2198;广西 南宁;159;16;9234;被小白兔吃的大灰狼;浙江 宁波;当年拉去强行堕胎;2022-03-08 11:12:33;1;1
生孩子这事，不是说生就生的，老百姓要权衡很多。 市场昨日的炒作，今天被团灭了。;wu2198;广西 南宁;159;16;9234;三合势;北京;都把人家家庭整破了，都没人出来负责下[doge];2022-03-08 10:59:47;2;1
生孩子这事，不是说生就生的，老百姓要权衡很多。 市场昨日的炒作，今天被团灭了。;wu2198;广西 南宁;159;16;9234;无忧公文写作;北京;回复@水煮雨:[允悲]谁理你啊，又没强制，爱生不生;2022-03-08 10:48:29;0;1
生孩子这事，不是说生就生的，老百姓要权衡很多。 市场昨日的炒作，今天被团灭了。;wu2198;广西 南宁;159;16;9234;武平县十方镇叶坑村村民;福建 龙岩;这个政策下谨言慎行;2022-03-08 10:48:03;0;1
生孩子这事，不是说生就生的，老百姓要权衡很多。 市场昨日的炒作，今天被团灭了。;wu2198;广西 南宁;159;16;9234;水煮雨;安徽 淮北;回复@无忧公文写作:这样忽悠，谁理你;2022-03-08 10:45:46;1;1
生孩子这事，不是说生就生的，老百姓要权衡很多。 市场昨日的炒作，今天被团灭了。;wu2198;广西 南宁;159;16;9234;无忧公文写作;北京;与时俱进，此一时彼一时，发展的眼光;2022-03-08 10:36:49;0;1
生孩子这事，不是说生就生的，老百姓要权衡很多。 市场昨日的炒作，今天被团灭了。;wu2198;广西 南宁;159;16;9234;如辰妙安;广东 韶关;社会主义好[感冒];2022-03-08 10:21:58;0;1
生孩子这事，不是说生就生的，老百姓要权衡很多。 市场昨日的炒作，今天被团灭了。;wu2198;广西 南宁;159;16;9234;open765;吉林 长春;房价、医疗、教育这三项实实在在的降实实在在的办点事实，生育率自然上来。天天卡着老百姓的脖子，谁有心思生？;2022-03-08 10:12:07;21;0
生孩子这事，不是说生就生的，老百姓要权衡很多。 市场昨日的炒作，今天被团灭了。;wu2198;广西 南宁;159;16;9234;2019年9月12号;其他;回复@iamkokoro:昨天看人家发的新西兰的视频，感觉人少就是好呀，住的房子大大的。到处没什么人，这边出去到处都是人？我是不懂人家没有依靠人口红利不是好好的发展过来了？还生呀，我都觉得去哪里都是人看着有点闹心😅国家想着叫人生孩子，还不如好好发展科技。科技兴国！;2022-03-08 11:15:55;0;1
生孩子这事，不是说生就生的，老百姓要权衡很多。 市场昨日的炒作，今天被团灭了。;wu2198;广西 南宁;159;16;9234;2019年9月12号;其他;先解决谁带孩子吧！男人都不参与家庭生活，就挣钱就可以了。真的是谁生谁带，全年无休。我周围不缺钱的朋友也没生2.3胎。生的都是有人带的。丧偶式婚姻和如山的爸爸这样的新名词都出来了。为什么没人生心里没数？;2022-03-08 11:12:55;1;1
生孩子这事，不是说生就生的，老百姓要权衡很多。 市场昨日的炒作，今天被团灭了。;wu2198;广西 南宁;159;16;9234;萌大大2525;其他;回复@iamkokoro:跟钱没关系吗？跟观念有关系？扯犊子呢;2022-03-08 10:44:29;0;1
生孩子这事，不是说生就生的，老百姓要权衡很多。 市场昨日的炒作，今天被团灭了。;wu2198;广西 南宁;159;16;9234;益易艺yi;其他;回复@iamkokoro:现在的人变聪明了[允悲];2022-03-08 10:20:22;0;1
生孩子这事，不是说生就生的，老百姓要权衡很多。 市场昨日的炒作，今天被团灭了。;wu2198;广西 南宁;159;16;9234;iamkokoro;北京;以前穷都喜欢生，发达国家生育率一直很低，和你说这些其实没有绝对的关系;2022-03-08 10:19:00;0;1
生孩子这事，不是说生就生的，老百姓要权衡很多。 市场昨日的炒作，今天被团灭了。;wu2198;广西 南宁;159;16;9234;婷婷小仙女的小哥哥;北京 东城区;关键工资太低;2022-03-08 10:15:30;0;1
生孩子这事，不是说生就生的，老百姓要权衡很多。 市场昨日的炒作，今天被团灭了。;wu2198;广西 南宁;159;16;9234;青灰色火焰;其他;建议先整个婚介所概念，很多人对象都没有咋三胎[嘻嘻][嘻嘻][嘻嘻];2022-03-08 10:08:07;13;0
生孩子这事，不是说生就生的，老百姓要权衡很多。 市场昨日的炒作，今天被团灭了。;wu2198;广西 南宁;159;16;9234;重启的交易;江苏 苏州;大Ａ每天都在生小孩，都越来越瘦了[嘻嘻];2022-03-08 10:15:41;0;1
生孩子这事，不是说生就生的，老百姓要权衡很多。 市场昨日的炒作，今天被团灭了。;wu2198;广西 南宁;159;16;9234;卑心静悟;其他;人工授精，处女生娃[允悲];2022-03-08 10:10:58;0;1
生孩子这事，不是说生就生的，老百姓要权衡很多。 市场昨日的炒作，今天被团灭了。;wu2198;广西 南宁;159;16;9234;北京花暖阁;北京 海淀区;谈朋友就可以了。生孩子不用结婚;2022-03-08 10:10:31;0;1
生孩子这事，不是说生就生的，老百姓要权衡很多。 市场昨日的炒作，今天被团灭了。;wu2198;广西 南宁;159;16;9234;爱丽love213;其他;我周边的现象是越穷越生，越生越穷[doge]   经济条件好的几乎生一个;2022-03-08 10:14:19;2;0
生孩子这事，不是说生就生的，老百姓要权衡很多。 市场昨日的炒作，今天被团灭了。;wu2198;广西 南宁;159;16;9234;2019年9月12号;其他;本来就是。我这边一个生3胎的就是楼下一个小卖部的一家5口住在小卖部里面。闺女2个在路边写作业，3胎好像是个儿子。好好的生那么多孩子干嘛，不够累的。;2022-03-08 11:18:55;0;1
生孩子这事，不是说生就生的，老百姓要权衡很多。 市场昨日的炒作，今天被团灭了。;wu2198;广西 南宁;159;16;9234;无忧公文写作;北京;不要影响共同富裕，穷就多赚钱[允悲]富了再生;2022-03-08 10:38:15;0;1
生孩子这事，不是说生就生的，老百姓要权衡很多。 市场昨日的炒作，今天被团灭了。;wu2198;广西 南宁;159;16;9234;海事男生2011;广东 广州;好像我也是;2022-03-08 10:31:11;0;1
生孩子这事，不是说生就生的，老百姓要权衡很多。 市场昨日的炒作，今天被团灭了。;wu2198;广西 南宁;159;16;9234;上帝的黑曼巴;湖南 长沙;我就佩服你打字的手速;2022-03-08 10:07:16;9;0
生孩子这事，不是说生就生的，老百姓要权衡很多。 市场昨日的炒作，今天被团灭了。;wu2198;广西 南宁;159;16;9234;云淡风轻93337;其他;语音输入了解下;2022-03-08 10:08:54;1;1
生孩子这事，不是说生就生的，老百姓要权衡很多。 市场昨日的炒作，今天被团灭了。;wu2198;广西 南宁;159;16;9234;不结巴;河北 唐山;2606会破吗？;2022-03-08 10:06:52;1;0
生孩子这事，不是说生就生的，老百姓要权衡很多。 市场昨日的炒作，今天被团灭了。;wu2198;广西 南宁;159;16;9234;不结巴;河北 唐山;好害怕;2022-03-08 10:06:59;0;1
生孩子这事，不是说生就生的，老百姓要权衡很多。 市场昨日的炒作，今天被团灭了。;wu2198;广西 南宁;159;16;9234;Rywet_348;北京;股市下跌成这样，还不忘发新股;2022-03-08 10:07:25;0;0
生孩子这事，不是说生就生的，老百姓要权衡很多。 市场昨日的炒作，今天被团灭了。;wu2198;广西 南宁;159;16;9234;pingan2580;山东 济南;发新股就是多生孩子[酷];2022-03-08 10:08:35;0;1
"#上海妇联回应婴幼儿被单独隔离问题#
上海凭一己之力抵抗国家三胎政策 ";珏味小蔡;IP属地：新疆;3;2;80;任凭岁月荏苒;安徽 芜湖;就你离谱，这是试点社会化抚养，减轻年轻妈妈育儿负担，为三胎政策保驾护航[doge][doge];2022-04-02 18:35:24;2;0
"#上海妇联回应婴幼儿被单独隔离问题#
上海凭一己之力抵抗国家三胎政策 ";珏味小蔡;IP属地：新疆;3;2;80;珏味小蔡;新疆 博尔塔拉;啊对对对你看看我都糊涂了，国际大都市，怎么能拖国家后踢呢;2022-04-02 18:37:50;0;1
为了响应国家三胎政策，老张出门都骑三轮车 ;寒舞C;福建 厦门;5;1;33;会屙屎的喵酱丶;湖北 武汉;老张不是开车东北被撞了吗？;2022-04-02 16:58:39;0;0
为了响应国家三胎政策，老张出门都骑三轮车 ;寒舞C;福建 厦门;5;1;33;入非非丶;河北 邢台;直接上酸菜;2022-04-02 18:40:18;0;1
为了响应国家三胎政策，老张出门都骑三轮车 ;寒舞C;福建 厦门;5;1;33;eftvc;黑龙江 大兴安岭;送医院缝五针好了啊;2022-04-02 17:54:18;0;1
#上海婴幼儿隔离点#就这就这还tm鼓励三胎政策 ;林深时见你0924;IP属地：河南;17;9;158;浅夏1578;湖南;我宝宝才两个月，看不得这种，怎么可以把被褥乱放呢，这么小的婴儿根本没力气拨开，很容易窒息的，而且这么小容易饿，两个小时要喝一次奶粉换尿片，还闹哭，一个人带一个宝宝都够累，护士忙得过来？;2022-04-02 14:25:37;28;0
#上海婴幼儿隔离点#就这就这还tm鼓励三胎政策 ;林深时见你0924;IP属地：河南;17;9;158;浅夏1578;湖南;回复@愿你如初见时:尿不湿不勤换，拉粑粑尿多超容易红屁股，小月龄最好睡觉都有个人在身边，容易做噩梦哭，哭了有护士哄吗？上海这是想的什么政策啊;2022-04-02 14:45:48;1;1
#上海婴幼儿隔离点#就这就这还tm鼓励三胎政策 ;林深时见你0924;IP属地：河南;17;9;158;愿你如初见时;其他;真的看不得，看的都心疼，那些孩子是渴了饿了还是拉了，就呢么点护士她们知道孩子的需求么，小月龄的孩子两个小时喝一次，呢么多孩子她们喂的过来么？怕是吃都吃不饱，尿不湿一天能换个两三次都不见得有;2022-04-02 14:34:30;3;1
真诚祝愿王俊凯的女人做到不买避孕套不吃避孕药，儿孙满堂为三胎四胎五胎政策做出贡献 ;艾克鸡丝;IP属地：上海;2;0;0;艾克鸡丝;上海;单纯觉得认为卖避孕套这种事情可耻离谱得过分;2022-04-02 15:37:47;0;0
真诚祝愿王俊凯的女人做到不买避孕套不吃避孕药，儿孙满堂为三胎四胎五胎政策做出贡献 ;艾克鸡丝;IP属地：上海;2;0;0;从今天起开始讨厌你;其他;对啊;2022-04-03 10:53:43;0;1
#上海婴幼儿隔离点# 这就是鼓励二胎，三胎的政策？真，反向操作 ;Akiarya;IP属地：海外;3;0;8;Long-info蓝野明芊;湖北;真无语了;2022-04-02 13:53:49;0;0
#上海婴幼儿隔离点# 这就是鼓励二胎，三胎的政策？真，反向操作 ;Akiarya;IP属地：海外;3;0;8;Long-info蓝野明芊;湖北;回复@Akiarya:搞不懂。其他地方没这么糟糕。上海不知道咋搞得;2022-04-02 14:21:12;0;1
#上海婴幼儿隔离点# 这就是鼓励二胎，三胎的政策？真，反向操作 ;Akiarya;IP属地：海外;3;0;8;Akiarya;海外 新加坡;我们这里封城也是可以让孩子戴口罩户外活动一会儿，超市正常开门，可以买到东西，虽然很多东西也有短缺，但是不至于这样，孩子阳性了可以选择家里或者医院，家长可以陪同，除了费用高，别的真的人性化，之前还是这么穷的国家[泪];2022-04-02 14:01:06;0;1
不好意思，没怀上，没能为三胎政策出一份力 ;阿锋Ziiiv;IP属地：上海;2;0;0;张骞Albert;江苏 苏州;无性生殖？;2022-04-02 12:43:27;0;0
不好意思，没怀上，没能为三胎政策出一份力 ;阿锋Ziiiv;IP属地：上海;2;0;0;阿锋Ziiiv;广东 汕头;用covid19生殖;2022-04-02 13:02:49;0;1
#上海婴幼儿隔离点#气到发抖。凭什么宣传三胎政策，一个疫情防控都做的这么差！！别人一个孩子宝贝的不行却被这样对待！！！！！！！！ ;babymoonhuhu;IP属地：湖南;6;4;13;MsKiseki;其他;我真是气哭了 不知道怎么办;2022-04-02 11:55:17;0;0
#上海婴幼儿隔离点#气到发抖。凭什么宣传三胎政策，一个疫情防控都做的这么差！！别人一个孩子宝贝的不行却被这样对待！！！！！！！！ ;babymoonhuhu;IP属地：湖南;6;4;13;babymoonhuhu;其他;早上起来看到的，心里堵得不行;2022-04-02 11:57:39;0;1
#上海婴幼儿隔离点#气到发抖。凭什么宣传三胎政策，一个疫情防控都做的这么差！！别人一个孩子宝贝的不行却被这样对待！！！！！！！！ ;babymoonhuhu;IP属地：湖南;6;4;13;-ChI9;黑龙江 哈尔滨;真的 还生三胎 一胎都保护不好 还生三胎 真可笑;2022-04-02 11:51:30;2;0
#上海婴幼儿隔离点#气到发抖。凭什么宣传三胎政策，一个疫情防控都做的这么差！！别人一个孩子宝贝的不行却被这样对待！！！！！！！！ ;babymoonhuhu;IP属地：湖南;6;4;13;babymoonhuhu;其他;每个孩子都是妈妈交付出自己的生命，生出来的，无论顺产还是剖腹产[泪];2022-04-02 11:52:25;0;1
#上海婴幼儿隔离点#气到发抖。凭什么宣传三胎政策，一个疫情防控都做的这么差！！别人一个孩子宝贝的不行却被这样对待！！！！！！！！ ;babymoonhuhu;IP属地：湖南;6;4;13;安睡石中201412;河北;这跟生几胎没关系，是上海政府问题;2022-04-02 11:53:23;0;0
#上海婴幼儿隔离点#气到发抖。凭什么宣传三胎政策，一个疫情防控都做的这么差！！别人一个孩子宝贝的不行却被这样对待！！！！！！！！ ;babymoonhuhu;IP属地：湖南;6;4;13;babymoonhuhu;其他;[泪][泪][泪];2022-04-02 11:56:53;0;1
"呃🤔看到大家对那个男明星爹味发言bot厌男之类的说法 其实厌男很正常
他之前发的好多有的确实让我避雷了一些人
这么说吧 一般他发十条我有六条会认同
这次配音圈的事我也不发表意见
但是我看到有人为了骂这个人 拿出国家三胎政策来讲 这个政策明明就是对女性的不公平啊 很多人都在反对 没有必要用这  ...展开";那里有风滚草;IP属地：陕西;11;0;4;-不明标记;江苏;我只是觉得他逐渐极端了;2022-04-02 10:08:01;0;0
"呃🤔看到大家对那个男明星爹味发言bot厌男之类的说法 其实厌男很正常
他之前发的好多有的确实让我避雷了一些人
这么说吧 一般他发十条我有六条会认同
这次配音圈的事我也不发表意见
但是我看到有人为了骂这个人 拿出国家三胎政策来讲 这个政策明明就是对女性的不公平啊 很多人都在反对 没有必要用这  ...展开";那里有风滚草;IP属地：陕西;11;0;4;那里有风滚草;陕西;回复@-不明标记:他之前帖子还挺多的哈哈哈;2022-04-02 10:14:24;0;1
"呃🤔看到大家对那个男明星爹味发言bot厌男之类的说法 其实厌男很正常
他之前发的好多有的确实让我避雷了一些人
这么说吧 一般他发十条我有六条会认同
这次配音圈的事我也不发表意见
但是我看到有人为了骂这个人 拿出国家三胎政策来讲 这个政策明明就是对女性的不公平啊 很多人都在反对 没有必要用这  ...展开";那里有风滚草;IP属地：陕西;11;0;4;-不明标记;江苏;回复@那里有风滚草:没事 他炸了必定还会有下一个[允悲];2022-04-02 10:13:43;0;1
"呃🤔看到大家对那个男明星爹味发言bot厌男之类的说法 其实厌男很正常
他之前发的好多有的确实让我避雷了一些人
这么说吧 一般他发十条我有六条会认同
这次配音圈的事我也不发表意见
但是我看到有人为了骂这个人 拿出国家三胎政策来讲 这个政策明明就是对女性的不公平啊 很多人都在反对 没有必要用这  ...展开";那里有风滚草;IP属地：陕西;11;0;4;那里有风滚草;陕西;回复@-不明标记:是，所以我好多时候不看评论，评论啥成分都有（不过这次如果把她/他搞炸耗了我会失去好多快乐;2022-04-02 10:12:46;0;1
"呃🤔看到大家对那个男明星爹味发言bot厌男之类的说法 其实厌男很正常
他之前发的好多有的确实让我避雷了一些人
这么说吧 一般他发十条我有六条会认同
这次配音圈的事我也不发表意见
但是我看到有人为了骂这个人 拿出国家三胎政策来讲 这个政策明明就是对女性的不公平啊 很多人都在反对 没有必要用这  ...展开";那里有风滚草;IP属地：陕西;11;0;4;-不明标记;江苏;回复@那里有风滚草:他有点可怕的一点是…他本身只是把一些言论挂出来，也没有去强调自身的观点，但是评论区会有人牵动言论;2022-04-02 10:11:41;0;1
"呃🤔看到大家对那个男明星爹味发言bot厌男之类的说法 其实厌男很正常
他之前发的好多有的确实让我避雷了一些人
这么说吧 一般他发十条我有六条会认同
这次配音圈的事我也不发表意见
但是我看到有人为了骂这个人 拿出国家三胎政策来讲 这个政策明明就是对女性的不公平啊 很多人都在反对 没有必要用这  ...展开";那里有风滚草;IP属地：陕西;11;0;4;那里有风滚草;陕西;其实他之前发的我也有觉得没必要的 但是还是让我避雷了一些人 初衷是好的 不过是有点极端了;2022-04-02 10:09:14;0;1
"呃🤔看到大家对那个男明星爹味发言bot厌男之类的说法 其实厌男很正常
他之前发的好多有的确实让我避雷了一些人
这么说吧 一般他发十条我有六条会认同
这次配音圈的事我也不发表意见
但是我看到有人为了骂这个人 拿出国家三胎政策来讲 这个政策明明就是对女性的不公平啊 很多人都在反对 没有必要用这  ...展开";那里有风滚草;IP属地：陕西;11;0;4;那里有风滚草;陕西;我也觉得;2022-04-02 10:08:10;0;1
"呃🤔看到大家对那个男明星爹味发言bot厌男之类的说法 其实厌男很正常
他之前发的好多有的确实让我避雷了一些人
这么说吧 一般他发十条我有六条会认同
这次配音圈的事我也不发表意见
但是我看到有人为了骂这个人 拿出国家三胎政策来讲 这个政策明明就是对女性的不公平啊 很多人都在反对 没有必要用这  ...展开";那里有风滚草;IP属地：陕西;11;0;4;Sennnnnnna_;湖南 长沙;虽然但是;2022-04-02 10:31:27;0;0
"呃🤔看到大家对那个男明星爹味发言bot厌男之类的说法 其实厌男很正常
他之前发的好多有的确实让我避雷了一些人
这么说吧 一般他发十条我有六条会认同
这次配音圈的事我也不发表意见
但是我看到有人为了骂这个人 拿出国家三胎政策来讲 这个政策明明就是对女性的不公平啊 很多人都在反对 没有必要用这  ...展开";那里有风滚草;IP属地：陕西;11;0;4;那里有风滚草;陕西;回复@Sennnnnnna_:真滴无语了 找到一个真正的女权博主好难;2022-04-02 10:32:59;0;1
"缝合怪聚集地超话 
以前学生物，种群繁衍最快比例就是一小部分公，配上大部分母。
如果出生率持续走低，会不会恢复一夫多妻呢。
毕竟现在穷哥们也找不到老婆。
就像以前，张艺谋生三胎被罚款，如果改了政策，反而是光明正大的被表扬。 ";Nowiseee;IP属地：四川;11;0;9;门卫大爷2022;其他;中国40%的人，都是三个男性祖先的后代。本来就是弱肉强食的繁衍，我们小区稍微有点钱的穷损都生二个孩子。;2022-04-02 10:02:06;0;0
"缝合怪聚集地超话 
以前学生物，种群繁衍最快比例就是一小部分公，配上大部分母。
如果出生率持续走低，会不会恢复一夫多妻呢。
毕竟现在穷哥们也找不到老婆。
就像以前，张艺谋生三胎被罚款，如果改了政策，反而是光明正大的被表扬。 ";Nowiseee;IP属地：四川;11;0;9;指着宝马喊牛;广东;回复@门卫大爷2022:西特乐也是觉得自己是客观描述;2022-04-02 10:21:57;0;1
"缝合怪聚集地超话 
以前学生物，种群繁衍最快比例就是一小部分公，配上大部分母。
如果出生率持续走低，会不会恢复一夫多妻呢。
毕竟现在穷哥们也找不到老婆。
就像以前，张艺谋生三胎被罚款，如果改了政策，反而是光明正大的被表扬。 ";Nowiseee;IP属地：四川;11;0;9;门卫大爷2022;其他;回复@指着宝马喊牛:我说的是人类社会发展至今的本质。是客观描述;2022-04-02 10:20:09;0;1
"缝合怪聚集地超话 
以前学生物，种群繁衍最快比例就是一小部分公，配上大部分母。
如果出生率持续走低，会不会恢复一夫多妻呢。
毕竟现在穷哥们也找不到老婆。
就像以前，张艺谋生三胎被罚款，如果改了政策，反而是光明正大的被表扬。 ";Nowiseee;IP属地：四川;11;0;9;指着宝马喊牛;广东;兔兔都是社会达尔文？怪不得，不是极→当不了兔兔;2022-04-02 10:04:39;2;1
再不开学我就要响应国家三胎政策了 ;遇见你那天风是甜的;IP属地：江苏;2;0;0;一颗甜甜清;其他;我支持你;2022-04-02 16:07:32;0;0
再不开学我就要响应国家三胎政策了 ;遇见你那天风是甜的;IP属地：江苏;2;0;0;遇见你那天风是甜的;江苏 南京;听我说：谢谢你，因为有你，温暖了四季[虎爪比心];2022-04-02 16:10:20;0;1
#福建已发现6例感染者乘坐这趟动车#S海为什么不封 我是没想道我们中国也这样 之前都是吐槽外国政策，经济重要还是人口重要？现在国家政策要女人生二胎三胎 不就是先为了人口？感染的那些还会影响JZ 哪来人口 不就是一个城市吗？ 我们广州一有就封 还不是一线城市 真的无力吐槽 ;Remember_Hh;IP属地：广东;7;0;3;原来真的有这种事情啊;其他;封城了啊;2022-04-01 07:28:34;0;0
#福建已发现6例感染者乘坐这趟动车#S海为什么不封 我是没想道我们中国也这样 之前都是吐槽外国政策，经济重要还是人口重要？现在国家政策要女人生二胎三胎 不就是先为了人口？感染的那些还会影响JZ 哪来人口 不就是一个城市吗？ 我们广州一有就封 还不是一线城市 真的无力吐槽 ;Remember_Hh;IP属地：广东;7;0;3;噼里啪啦哗啦-;海外 其他;回复@原来真的有这种事情啊:也不是一有就封啊，他是有了很多都没封，我记得前几天就有都是5000+的无症状;2022-04-01 07:49:36;0;1
#福建已发现6例感染者乘坐这趟动车#S海为什么不封 我是没想道我们中国也这样 之前都是吐槽外国政策，经济重要还是人口重要？现在国家政策要女人生二胎三胎 不就是先为了人口？感染的那些还会影响JZ 哪来人口 不就是一个城市吗？ 我们广州一有就封 还不是一线城市 真的无力吐槽 ;Remember_Hh;IP属地：广东;7;0;3;原来真的有这种事情啊;其他;回复@Remember_Hh:不是我杠你，上海封城确实要慎重;2022-04-01 07:37:27;0;1
#福建已发现6例感染者乘坐这趟动车#S海为什么不封 我是没想道我们中国也这样 之前都是吐槽外国政策，经济重要还是人口重要？现在国家政策要女人生二胎三胎 不就是先为了人口？感染的那些还会影响JZ 哪来人口 不就是一个城市吗？ 我们广州一有就封 还不是一线城市 真的无力吐槽 ;Remember_Hh;IP属地：广东;7;0;3;Remember_Hh;广东 广州;回复@原来真的有这种事情啊:那可能它觉得经济比一切重要;2022-04-01 07:36:22;0;1
#福建已发现6例感染者乘坐这趟动车#S海为什么不封 我是没想道我们中国也这样 之前都是吐槽外国政策，经济重要还是人口重要？现在国家政策要女人生二胎三胎 不就是先为了人口？感染的那些还会影响JZ 哪来人口 不就是一个城市吗？ 我们广州一有就封 还不是一线城市 真的无力吐槽 ;Remember_Hh;IP属地：广东;7;0;3;原来真的有这种事情啊;其他;回复@Remember_Hh:坐标上海，他确实封的晚了一周[裂开]但上海确实不能一有就封;2022-04-01 07:32:46;0;1
#福建已发现6例感染者乘坐这趟动车#S海为什么不封 我是没想道我们中国也这样 之前都是吐槽外国政策，经济重要还是人口重要？现在国家政策要女人生二胎三胎 不就是先为了人口？感染的那些还会影响JZ 哪来人口 不就是一个城市吗？ 我们广州一有就封 还不是一线城市 真的无力吐槽 ;Remember_Hh;IP属地：广东;7;0;3;Remember_Hh;广东 广州;不是封晚了吗[吃惊][吃惊][吃惊] 几千例才封;2022-04-01 07:30:48;0;1
我怀疑这个疫情是他妈假的，是为了响应国家的三胎政策，强制性要求你隔离在家里，让你他妈生小孩 ;玛丽苏与小乳猪;IP属地：江苏;2;0;1;天然脱发;上海;你和谁在家[伤心];2022-04-01 08:04:51;0;0
我怀疑这个疫情是他妈假的，是为了响应国家的三胎政策，强制性要求你隔离在家里，让你他妈生小孩 ;玛丽苏与小乳猪;IP属地：江苏;2;0;1;玛丽苏与小乳猪;海外;我自己[爱你];2022-04-01 15:48:19;0;1
#威海快递# 母胎solo28年，好不容易谈了个威海的男朋友，因为男朋友过生日，生日礼物寄不过去，男朋友要跟我分手，到现在快递还不恢复，这怎么让我们响应国家三胎的政策？ ;我一直有个理想;IP属地：河北;13;0;20;bbcherryff;山东 威海;男朋友竟然要跟你分手？来威海哪的，我替你揍;2022-03-31 12:33:43;3;0
#威海快递# 母胎solo28年，好不容易谈了个威海的男朋友，因为男朋友过生日，生日礼物寄不过去，男朋友要跟我分手，到现在快递还不恢复，这怎么让我们响应国家三胎的政策？ ;我一直有个理想;IP属地：河北;13;0;20;bbcherryff;山东 威海;回复@我一直有个理想:让他知足，有女朋友就不错了，还想着分手[doge];2022-03-31 15:26:35;0;1
#威海快递# 母胎solo28年，好不容易谈了个威海的男朋友，因为男朋友过生日，生日礼物寄不过去，男朋友要跟我分手，到现在快递还不恢复，这怎么让我们响应国家三胎的政策？ ;我一直有个理想;IP属地：河北;13;0;20;我一直有个理想;河北 邯郸;他要跟我分手，而你太美，我不放心你去揍他[悲伤];2022-03-31 14:27:13;0;1
#威海快递# 母胎solo28年，好不容易谈了个威海的男朋友，因为男朋友过生日，生日礼物寄不过去，男朋友要跟我分手，到现在快递还不恢复，这怎么让我们响应国家三胎的政策？ ;我一直有个理想;IP属地：河北;13;0;20;起名叫月下;山东 济南;格局大大的[doge];2022-03-31 14:45:24;1;0
#威海快递# 母胎solo28年，好不容易谈了个威海的男朋友，因为男朋友过生日，生日礼物寄不过去，男朋友要跟我分手，到现在快递还不恢复，这怎么让我们响应国家三胎的政策？ ;我一直有个理想;IP属地：河北;13;0;20;我一直有个理想;河北 邯郸;我希望领导们也有我这种格局[微笑]祖国何愁不繁荣昌盛;2022-03-31 19:39:39;0;1
#威海快递# 母胎solo28年，好不容易谈了个威海的男朋友，因为男朋友过生日，生日礼物寄不过去，男朋友要跟我分手，到现在快递还不恢复，这怎么让我们响应国家三胎的政策？ ;我一直有个理想;IP属地：河北;13;0;20;32水合氧化云;山东 烟台;哈哈哈哈哈;2022-03-31 19:31:36;0;0
#威海快递# 母胎solo28年，好不容易谈了个威海的男朋友，因为男朋友过生日，生日礼物寄不过去，男朋友要跟我分手，到现在快递还不恢复，这怎么让我们响应国家三胎的政策？ ;我一直有个理想;IP属地：河北;13;0;20;我一直有个理想;河北 邯郸;集美，别龇着牙乐了，来一起围攻光明顶[喵喵];2022-03-31 19:41:40;0;1
#威海快递# 母胎solo28年，好不容易谈了个威海的男朋友，因为男朋友过生日，生日礼物寄不过去，男朋友要跟我分手，到现在快递还不恢复，这怎么让我们响应国家三胎的政策？ ;我一直有个理想;IP属地：河北;13;0;20;待到花事;其他;笑死我了。。。;2022-03-31 12:40:00;0;0
#威海快递# 母胎solo28年，好不容易谈了个威海的男朋友，因为男朋友过生日，生日礼物寄不过去，男朋友要跟我分手，到现在快递还不恢复，这怎么让我们响应国家三胎的政策？ ;我一直有个理想;IP属地：河北;13;0;20;待到花事;其他;回复@我一直有个理想:。。。。。。[哼];2022-04-01 07:48:51;0;1
#威海快递# 母胎solo28年，好不容易谈了个威海的男朋友，因为男朋友过生日，生日礼物寄不过去，男朋友要跟我分手，到现在快递还不恢复，这怎么让我们响应国家三胎的政策？ ;我一直有个理想;IP属地：河北;13;0;20;我一直有个理想;河北 邯郸;想想你那一万个快递，还笑得出来嘛[喵喵];2022-03-31 19:43:20;0;1
#威海快递# 母胎solo28年，好不容易谈了个威海的男朋友，因为男朋友过生日，生日礼物寄不过去，男朋友要跟我分手，到现在快递还不恢复，这怎么让我们响应国家三胎的政策？ ;我一直有个理想;IP属地：河北;13;0;20;吧啦吧啦不会劈叉;山东 威海;角度非常新奇[doge];2022-03-31 15:06:02;1;0
#威海快递# 母胎solo28年，好不容易谈了个威海的男朋友，因为男朋友过生日，生日礼物寄不过去，男朋友要跟我分手，到现在快递还不恢复，这怎么让我们响应国家三胎的政策？ ;我一直有个理想;IP属地：河北;13;0;20;我一直有个理想;河北 邯郸;透过现象看本质;2022-03-31 19:48:51;0;1
"论三胎政策下，地方卫生健康局对女大学生的影响——以兔子今天秃了吗为例
两个月三次
感觉那些七大姑八大姨都没你着急 
我真的谢谢你 ";兔子今天秃了吗;IP属地：浙江;8;0;0;浪漫漫画家·霖;四川;哈哈哈哈哈哈哈哈哈哈哈哈哈哈哈哈哈哈哈哈哈哈;2022-03-31 19:18:17;0;0
"论三胎政策下，地方卫生健康局对女大学生的影响——以兔子今天秃了吗为例
两个月三次
感觉那些七大姑八大姨都没你着急 
我真的谢谢你 ";兔子今天秃了吗;IP属地：浙江;8;0;0;浪漫漫画家·霖;四川;回复@兔子今天秃了吗:哈哈哈哈哈你也太惨了吧;2022-03-31 19:21:29;0;1
"论三胎政策下，地方卫生健康局对女大学生的影响——以兔子今天秃了吗为例
两个月三次
感觉那些七大姑八大姨都没你着急 
我真的谢谢你 ";兔子今天秃了吗;IP属地：浙江;8;0;0;兔子今天秃了吗;浙江;因为他10G流量也在骗我;2022-03-31 19:21:07;0;1
"论三胎政策下，地方卫生健康局对女大学生的影响——以兔子今天秃了吗为例
两个月三次
感觉那些七大姑八大姨都没你着急 
我真的谢谢你 ";兔子今天秃了吗;IP属地：浙江;8;0;0;兔子今天秃了吗;浙江;我已经要拉黑他了;2022-03-31 19:19:56;0;1
"论三胎政策下，地方卫生健康局对女大学生的影响——以兔子今天秃了吗为例
两个月三次
感觉那些七大姑八大姨都没你着急 
我真的谢谢你 ";兔子今天秃了吗;IP属地：浙江;8;0;0;兔子今天秃了吗;浙江;我真的会谢;2022-03-31 19:19:08;0;1
"就算是22了也会觉得妈妈偏心弟弟妹妹躲起来偷偷掉眼泪
真的好可恶 我讨厌三胎政策 ";米奇不妙屋ww;IP属地：山东;4;0;1;Serein1_816;山东;独生子女的眼泪都是挨骂来的;2022-03-31 13:17:39;0;0
"就算是22了也会觉得妈妈偏心弟弟妹妹躲起来偷偷掉眼泪
真的好可恶 我讨厌三胎政策 ";米奇不妙屋ww;IP属地：山东;4;0;1;米奇不妙屋ww;山东;我前十四年已经挨骂了十四年了[泪];2022-03-31 18:45:35;0;1
"就算是22了也会觉得妈妈偏心弟弟妹妹躲起来偷偷掉眼泪
真的好可恶 我讨厌三胎政策 ";米奇不妙屋ww;IP属地：山东;4;0;1;stephaniebae;台湾 高雄市;同 最恨他们偏心而不自知反过来说我的样子[单身狗];2022-04-01 19:05:11;0;0
"就算是22了也会觉得妈妈偏心弟弟妹妹躲起来偷偷掉眼泪
真的好可恶 我讨厌三胎政策 ";米奇不妙屋ww;IP属地：山东;4;0;1;米奇不妙屋ww;山东;当大姐姐真的好难🥲;2022-04-01 19:18:22;0;1
"祺鑫超话
纯路人，他俩是在响应三胎政策吗 ";猫在捡球吗;IP属地：内蒙古;14;0;11;風嚴嶼年;其他;纯路人“十一级[doge]”;2022-03-31 12:47:17;1;0
"祺鑫超话
纯路人，他俩是在响应三胎政策吗 ";猫在捡球吗;IP属地：内蒙古;14;0;11;一开学好慌;其他;盲生，你发现了华点[doge];2022-03-31 12:49:29;0;1
"#余生请多指教##肖战顾魏# 
顾魏这段求婚，可以作为求婚范本了：“我不敢保证以后我们的生活一定会一帆风顺，但是我敢保证，无论好坏，我一直都在”

配上肖战泛红的眼圈和期待的眼神，这段求婚戏真把我看哭了，能把我这个不婚主义都感动哭了。我相信，这剧对国家的三胎政策肯定颇有助益。

哭死了";第十八朵梅;IP属地：江苏;15;8;393;沐nian之夏;辽宁;所以，你要结婚了[心];2022-03-31 09:59:51;2;0
"#余生请多指教##肖战顾魏# 
顾魏这段求婚，可以作为求婚范本了：“我不敢保证以后我们的生活一定会一帆风顺，但是我敢保证，无论好坏，我一直都在”

配上肖战泛红的眼圈和期待的眼神，这段求婚戏真把我看哭了，能把我这个不婚主义都感动哭了。我相信，这剧对国家的三胎政策肯定颇有助益。

哭死了";第十八朵梅;IP属地：江苏;15;8;393;第十八朵梅;其他;除非遇到顾医生🙊;2022-03-31 10:01:08;0;1
身体欠佳一月有余，忙着看顾魏医生，药吃了不少，补品虾姐夫囤了一个月的量，前几天我突然想到了一个严重的问题“干呕，食之无味，睡眠不好，腹胀”这不是差不多“怀孕期间的症状吗？”回想起来我两个月没来月经了正在我忐忑不安的思绪里是不是已响应国家号召政策三胎的时候，昨晚顾魏医生  ...展开;酒窝玲玲;IP属地：广东;40;1;17;战心爱羡;海外 美国;保重身体，有些事真的伤身。[笑而不语][笑而不语]顾医生有我在，你好好养身体。[偷笑][偷笑];2022-03-31 07:16:10;0;0
身体欠佳一月有余，忙着看顾魏医生，药吃了不少，补品虾姐夫囤了一个月的量，前几天我突然想到了一个严重的问题“干呕，食之无味，睡眠不好，腹胀”这不是差不多“怀孕期间的症状吗？”回想起来我两个月没来月经了正在我忐忑不安的思绪里是不是已响应国家号召政策三胎的时候，昨晚顾魏医生  ...展开;酒窝玲玲;IP属地：广东;40;1;17;战心爱羡;海外 美国;话说玲玲你真的太喜欢生了！[笑cry][笑cry];2022-03-31 07:17:22;0;1
"融创森与海地处山清水秀的浦阳地界，依山傍水，潮湿地带，明知道以后会引起墙面发霉脱落的前提下，在公共区域采用瓷砖墙面流行的趋势下，森与海却将包含在合同范围内的公摊面积的电梯间，过道等公共区域采用乳胶漆墙面。
在国家大力倡导二胎和三胎的政策下，在明知道教育是每个家庭的重中之重，大事宣  ...展开";化身一枚斗士;IP属地：浙江;4;0;3;LIZILAND;浙江 杭州;你已经交房了？;2022-04-02 12:35:23;0;0
"融创森与海地处山清水秀的浦阳地界，依山傍水，潮湿地带，明知道以后会引起墙面发霉脱落的前提下，在公共区域采用瓷砖墙面流行的趋势下，森与海却将包含在合同范围内的公摊面积的电梯间，过道等公共区域采用乳胶漆墙面。
在国家大力倡导二胎和三胎的政策下，在明知道教育是每个家庭的重中之重，大事宣  ...展开";化身一枚斗士;IP属地：浙江;4;0;3;化身一枚斗士;浙江 杭州;合同是2022.8.30前交房。;2022-04-02 17:25:11;0;1
"融创森与海地处山清水秀的浦阳地界，依山傍水，潮湿地带，明知道以后会引起墙面发霉脱落的前提下，在公共区域采用瓷砖墙面流行的趋势下，森与海却将包含在合同范围内的公摊面积的电梯间，过道等公共区域采用乳胶漆墙面。
在国家大力倡导二胎和三胎的政策下，在明知道教育是每个家庭的重中之重，大事宣  ...展开";化身一枚斗士;IP属地：浙江;4;0;3;冷喵星人呢;其他;这么坑;2022-03-31 10:12:15;0;0
"融创森与海地处山清水秀的浦阳地界，依山傍水，潮湿地带，明知道以后会引起墙面发霉脱落的前提下，在公共区域采用瓷砖墙面流行的趋势下，森与海却将包含在合同范围内的公摊面积的电梯间，过道等公共区域采用乳胶漆墙面。
在国家大力倡导二胎和三胎的政策下，在明知道教育是每个家庭的重中之重，大事宣  ...展开";化身一枚斗士;IP属地：浙江;4;0;3;化身一枚斗士;浙江 杭州;是的，你说精装修的房子搞这么一曲 ，很窝火;2022-03-31 13:36:30;0;1
@剪川捡铲铲 这个人买娃买疯球了，大儿子还是白煮蛋，二儿子还在孕期，已经决定响应gj政策买三胎了…… ;凉夜苕苕;IP属地：日本;3;1;4;百里墨燊;浙江;[送花花]我也想响应这个政策一口气接两个崽回家;2022-03-30 23:47:24;0;0
@剪川捡铲铲 这个人买娃买疯球了，大儿子还是白煮蛋，二儿子还在孕期，已经决定响应gj政策买三胎了…… ;凉夜苕苕;IP属地：日本;3;1;4;凉夜苕苕;海外 日本;接！;2022-03-31 00:55:40;0;1
